1544589151,"@tajahhhh Got ours from JCPenny!"""
1544589326,"SWEET DEAL!  Love Lives Forever 1\/2 CT. T.W. Round White Diamond 10K Gold 3-Stone Ring https:\/\/t.co\/Qks2KJD4fI #jcpenney #soworthit"""
1544590579,"RT @extinctsymbol: \""The country has recorded 90 extinctions since European settlement\u201436 plants"
1544590826,I bet once i go in JCpenny
1544624388,"RT @RetroNewsNow: \ud83c\udf811998 JCPenney Holiday Catalog:\n\u2014 Spice Girls Sound Stage https:\/\/t.co\/P1sgSA1RgS"""
1544624849,"Worst place to shop online at is @jcpenney @bbb_us - always saying item is back in stock &amp; go to order it and says\u2026 https:\/\/t.co\/xoXuyhJfFD"""
1544624964,"JCPenney Toy Book Deals List Is Ready!\n\nhttps:\/\/t.co\/nHNHIIfhVh https:\/\/t.co\/qKaZ5WmOMv"""
1544625735,"RT @RetroNewsNow: \ud83c\udf811998 JCPenney Holiday Catalog:\n\u2014 Spice Girls Sound Stage https:\/\/t.co\/P1sgSA1RgS"""
1544626309,"@wirecutter @jcpenney Out of stock. (Odd since it\u2019s in stock again now a few hours later). They reached out and had\u2026 https:\/\/t.co\/rPlmIBddlX"""
1544626640,So awesome to build dreams in LA last night with @jcpenney and our great friend
1544626840,@TyreseCason Hello Tyrese
1544626904,"Great piece from @jcpenney Energy Programs Manager Sal Alhelo! #retail #EnergyEfficiency"""
1544627274,"A congregation that pays a pastor a JCPenney wage but expects his family to live like they shop at Anthroplogie has\u2026 https:\/\/t.co\/xxNW9Pf2By"""
1544627491,"RT @EmilyRittman: .@tkelce and @jcpenney teamed up to surprise 25 kids from YMCA of Greater Kansas City with a special visit and shopping s\u2026"""
1544628228,"@EmilyRittman @KCTV5 @tkelce @jcpenney A Classy Gentleman!  \u2764\ufe0f\ud83c\udfc8\u2764\ufe0f"""
1544628274,"@jcpenney @askjcp your customer service representative was very demeaning to me and grossly unhelpful. I am very sa\u2026 https:\/\/t.co\/tVMDsrob5a"""
1544628278,"Ronni Nicole Sleeveless Fit  https:\/\/t.co\/2lDjDZo07A #jcpenney #soworthit"""
1544628481,"I added a video to a @YouTube playlist https:\/\/t.co\/P7s15ay74u Come Bargain Shopping With Me at JCPenney!"""
1544628625,Last week
1544628657,"A Dreambuilders thank you to @Seahawks playmaker David Moore &amp; the beautiful @TheSeaGals for teaming up with us and\u2026 https:\/\/t.co\/vkocnIILvk"""
1544629036,"Last year I bought some fab things from JCPenney I gotta see what they have for this year so I can save some money\u2026 https:\/\/t.co\/LumFAhhy0w"""
1544629598,"#JCPenney\nPre-Holiday Price Drop Up To 70% OFF Select Styles. 30% OFF Toys. Shop and Save at JCPenney. click here \nhttps:\/\/t.co\/rdtVyAzpNb"""
1544630067,I swear the reason @jcpenney is doing so horribly is bc their vendors suck. The clothes are mad ugly
1544630210,@Jayna219 Hello Jayna
1544630254,"This look is on our nice list! \u2705 #JCPenney #inTheAustintownPlaza https:\/\/t.co\/dDpnMUZgwR"""
1544630352,"Oh look Bret 49 - feel free to block"""
1544630712,"About that time I reapply to JCPenney lol"""
1544630945,"RT @EmilyRittman: .@tkelce and @jcpenney teamed up to surprise 25 kids from YMCA of Greater Kansas City with a special visit and shopping s\u2026"""
1544631246,"Jcpenney : Buy 1 Get 2 For Free \u2013 Kids\u2019 Shoes\u00a0!! https:\/\/t.co\/ILwkIcR6vX https:\/\/t.co\/PORLgB2ZY2"""
1544631306,Hey #Brooklyn @luluylala are going back to their favorite shopping center
1544631712,Last week
1544631879,"My coworkers just said I dress like a Cambodian mom working at a garden. \ud83e\udd37\ud83c\udffb\u200d\u2642\ufe0f I said they look like JCPenney ads from 1998."""
1544632053,"RT @EmilyRittman: Tonight Travis Kelce went shopping with 25 kids for a JCPenney Giving Spree event. Each child got a gift card to shop for\u2026"""
1544632166,@jcpenney walked in and walked out
1544632481,@JCPenney was the exact same experience.  Exact!  Clothes mixed together on racks
1544632576,RT @joejonas: Best part of the holiday season?? Giving back \ud83e\udd17 \n\nThis year @JCPenney's Giving Sprees are set to reach 1
1544632625,"\""Ad\"" JCPenney 14k Gold Twisted Hoops New In Box"
1544632876,Staten Island Advance Historic Page from Oct. 2
1544633047,"This could be use but we\u2019re all hibernating @deseere_x @decolesinize @thatsaltyorange @heymotheartist"""
1544633207,RT @jcpnews: Kenny Stills
1544633331,Be sure to check out all my last minute Christmas shopping
1544633480,"NYC VIBE joined @joejonas as he teamed up with @jcpenney to spread holiday cheer by helping kids from across the U.\u2026 https:\/\/t.co\/WudrANj8or"""
1544633640,"Joe Jonas kicked off #JCPenney\u2019s Giving Spree event by surprising twenty-five kids from the NYC Metro #YMCAs with a\u2026 https:\/\/t.co\/qxBi0ZKsQp"""
1544633647,RT @sarahkuhn: Happy holidays from me and my friend\u2019s dog
1544633696,RT @joejonas: Best part of the holiday season?? Giving back \ud83e\udd17 \n\nThis year @JCPenney's Giving Sprees are set to reach 1
1544633747,"@kristoferkawas #NYCVIBE joined Joe Jonas as he teamed up with #JCPenney to spread holiday cheer. See our coverage. \nhttps:\/\/t.co\/nvdBe5dB2y"""
1544633848,"@dnce_online NYC VIBE spent the afternoon shopping at JCPenney in Herald Square with Grammy nominated artist and ac\u2026 https:\/\/t.co\/NG3uMhrucu"""
1544633889,"now it\u2019s Nate from JCPenney bitchs https:\/\/t.co\/QiXWm6PoMg"""
1544633919,"@justjaredjr @joejonas @jcpenney NYC VIBE joined Joe Jonas at JCPenney as he posed for pictures with fans.\u2026 https:\/\/t.co\/C7TMQbkbzb"""
1544634057,"~JC Penney~ Genuine Diamond Jewelry - $25\n#thecrazyshoppingcart @jcpenney #jcp #jcpenney #deals #coupons #savings https:\/\/t.co\/Mcqm1bYDxb"""
1544634158,".@phl17 is spot on! Tis\u2019 the season for gifting out luggage! COLLECTION by MICHAEL STRAHAN Slate Hardside Spinner L\u2026 https:\/\/t.co\/XTxJx6lfGO"""
1544635049,RT @jcpnews: Kenny Stills
1544635533,"RT @BaderTVEnt: NYC VIBE joined @joejonas as he teamed up with @jcpenney to spread holiday cheer by helping kids from across the U.S. and P\u2026"""
1544635557,"RT @BaderTVEnt: Joe Jonas kicked off #JCPenney\u2019s Giving Spree event by surprising twenty-five kids from the NYC Metro #YMCAs with a once-in\u2026"""
1544635803,"Why would @jcpenney staff there watch department with somebody who isn\u2019t comfortable taking links out of watch band\u2026 https:\/\/t.co\/gGbUy3S8AT"""
1544636137,"@cassandranoel21 You can return the items to any JCPenney retail store at the .com customer service desk. Just them\u2026 https:\/\/t.co\/VunHwFZfvJ"""
1544636579,I bought a comforter from @jcpenney After a week
1544636738,RT @Well_Regulated_: A member of our well regulated militia
1544636797,RT @jcpnews: Kenny Stills
1544636810,@ChronicLib @realDonaldTrump Was Pence there? Wait a minute
1544636884,"RT @RetroNewsNow: \ud83c\udf811998 JCPenney Holiday Catalog:\n\u2014 Spice Girls Sound Stage https:\/\/t.co\/P1sgSA1RgS"""
1544637083,"RT @michaelstrahan: SPRING AHEAD; FALL BEHIND; CHANGE THOSE CLOCKS AND RAISE YOUR WARDROBE GAME. RETWEET IF YOU\u2019RE READY TO BUY SOME NEW MS\u2026"""
1544637085,RT @michaelstrahan: Even as the clocks change the qualities of a successful person remain the same. You have integrity
1544637092,"@GovMikeHuckabee Send your cockeyed daughter to JCPenney she will be looking for a job soon"""
1544637163,RT @jcpenney: Discover Peyton &amp; Parker\u2014a celebration of family through curated
1544637493,"CHRISTMAS SHOPPING FOR FRIENDS &amp; FAMILY! SEPHORA INSIDE JCPENNEY GIVEAWAY! https:\/\/t.co\/CBX2S1hj3e"""
1544637522,"RT @BaderTVEnt: NYC VIBE joined @joejonas as he teamed up with @jcpenney to spread holiday cheer by helping kids from across the U.S. and P\u2026"""
1544637525,"RT @BaderTVEnt: NYC VIBE joined @joejonas as he teamed up with @jcpenney to spread holiday cheer by helping kids from across the U.S. and P\u2026"""
1544637527,"RT @BaderTVEnt: NYC VIBE joined @joejonas as he teamed up with @jcpenney to spread holiday cheer by helping kids from across the U.S. and P\u2026"""
1544637648,RT @jcpnews: Kenny Stills
1544637942,@schlazor @jcpenney Huh. Well
1544638162,RT @jcpnews: Kenny Stills
1544638223,"Santa Kelce: Chiefs\u2019 Travis Kelce shops with YMCA kids at JCPenney holiday event https:\/\/t.co\/og6suZ0PJf"""
1544638279,"RT @BaderTVEnt: NYC VIBE joined @joejonas as he teamed up with @jcpenney to spread holiday cheer by helping kids from across the U.S. and P\u2026"""
1544638415,"I liked a @YouTube video https:\/\/t.co\/pegy7GgLfe CHRISTMAS SHOPPING FOR FRIENDS &amp; FAMILY! SEPHORA INSIDE JCPENNEY GIVEAWAY!"""
1544638487,"RT @athompsonvideo: .@Chiefs star @tkelce shopping with kids tonight at @jcpenney in Independence. https:\/\/t.co\/jZA1InmNhm"""
1544638499,rT @jcpnews: Kenny Stills
1544638635,"Travis Kelce spent time with 25 YMCA kids at JCPenney last night. \n\nYou\u2019re going to want to see this video:\n\nhttps:\/\/t.co\/IwAii8CsD9"""
1544638713,"RT @bepryor: Travis Kelce spent time with 25 YMCA kids at JCPenney last night. \n\nYou\u2019re going to want to see this video:\n\nhttps:\/\/t.co\/IwAi\u2026"""
1544639094,"enter @CandaceCorey Travel Essentials giveaway to #Win items from @CantuBeauty @Curelus @jcpenney + Baby @Dove https:\/\/t.co\/8vhI8AFoAM"""
1544639123,I'm at @JCPenney in Youngstown
1544639604,"RT @IABrownEyedGirl: So annoying when you buy something online from @jcpenney six days ago and the same item is now $20 cheaper \ud83d\ude20"""
1544639990,"I liked a @YouTube video https:\/\/t.co\/abetP83tLZ CHRISTMAS SHOPPING FOR FRIENDS &amp; FAMILY! SEPHORA INSIDE JCPENNEY GIVEAWAY!"""
1544640087,"RT @Nathaniel_Mosby: now it\u2019s Nate from JCPenney bitchs https:\/\/t.co\/QiXWm6PoMg"""
1544640228,"We are proud to announce our BRAND NEW partnership with @jcpenney to offer our products on https:\/\/t.co\/6LtDcGN9jv!\u2026 https:\/\/t.co\/eqDkRyCgR2"""
1544640685,"Ran to Walmart at lunch to get a hard-to-find Xmas toy for Willie they happened to have in stock. Reminded me of th\u2026 https:\/\/t.co\/NN9vu9WxN4"""
1544640987,"@ymcanyc @joejonas @jcpenney NYC VIBE joined Joe Jonas as he teamed up with JCPenney to spread holiday cheer. See o\u2026 https:\/\/t.co\/mMimaku0Vk"""
1544641215,"Holiday parties = the perfect time to play up your makeup \u2728 Use Anastasia Beverly Hills\u2019 Loose Glitter to add high-\u2026 https:\/\/t.co\/BVrZzc7vmV"""
1544641288,"@jcpenney @askjcp i placed an order on Saturday.. received an email the items were back ordered &amp; i would receive t\u2026 https:\/\/t.co\/qQLdw0tP7Y"""
1544641618,@Macolle_ En JCPenney (McAllen
1544641645,@KurisuT1 En JCPenney (McAllen
1544641647,@jcpenney I purchased a pair of boots based on your ad for the sale price
1544642480,"Thank you @jcpenney and @astronaut of the @Broncos for giving our Y kids at Wyatt Academy and Garden Place Elementa\u2026 https:\/\/t.co\/lBWH3pyAED"""
1544642509,"Santa Kelce: Chiefs\u2019 Travis Kelce shops with YMCA kids at JCPenney holiday event https:\/\/t.co\/1IeSG9IkN4"""
1544642549,"RT @BaderTVEnt: Joe Jonas kicked off #JCPenney\u2019s Giving Spree event by surprising twenty-five kids from the NYC Metro #YMCAs with a once-in\u2026"""
1544642559,"RT @BaderTVEnt: NYC VIBE joined @joejonas as he teamed up with @jcpenney to spread holiday cheer by helping kids from across the U.S. and P\u2026"""
1544643119,"@jcpenney delivery ? I lost my order # but phone is 7606101868 delivery was supposed to be Dec 11 I thought can you\u2026 https:\/\/t.co\/uM2uWXQuxM"""
1544643223,"I liked a @YouTube video https:\/\/t.co\/4dfJ4mdvcM CHRISTMAS SHOPPING FOR FRIENDS &amp; FAMILY! SEPHORA INSIDE JCPENNEY GIVEAWAY!"""
1544643358,"I liked a @YouTube video https:\/\/t.co\/kGycVn2eQP CHRISTMAS SHOPPING FOR FRIENDS &amp; FAMILY! SEPHORA INSIDE JCPENNEY GIVEAWAY!"""
1544643815,While playing with investment $
1544643871,Guess I won't be getting new boots from @JCPenney this year after all! They got lost in transit
1544644293,"@jcpenney can you pls support our robotics team our email is hhsrobopanthers2262@gmail.com"""
1544644324,"So JCPenney might go to Chapter 11 or 7 bankruptcy protection this is a big sign that JCPenney's might be going out of business"""
1544644420,"Hey @jcpenney   When I ordered my mom her coat it was in stock - yet when it\u2019s ready to ship you cancel my order sa\u2026 https:\/\/t.co\/ApdwrfQdoK"""
1544644451,"RT @BaderTVEnt: NYC VIBE joined @joejonas as he teamed up with @jcpenney to spread holiday cheer by helping kids from across the U.S. and P\u2026"""
1544644570,"@jcpenney @askjcp Whats wrong with this item that we purchased? https:\/\/t.co\/pytkeGyJ8E"""
1544644758,RT @HeyItsNotEylen: @Macolle_ En JCPenney (McAllen
1544644806,"\ud83c\udf89 110 Grill Grand Opening! \ud83c\udf89\n\ud83d\udcc6: December 13\n\u23f0: 4:00 pm\n\ud83d\udccd: Located on the Upper Level near JCPenney\n#holyokemall\u2026 https:\/\/t.co\/WH0AtSaX9Q"""
1544644950,"Taking jcpenney orders. Tap in"""
1544644981,"RT @michaelstrahan: SPRING AHEAD; FALL BEHIND; CHANGE THOSE CLOCKS AND RAISE YOUR WARDROBE GAME. RETWEET IF YOU\u2019RE READY TO BUY SOME NEW MS\u2026"""
1544644983,RT @michaelstrahan: Even as the clocks change the qualities of a successful person remain the same. You have integrity
1544644988,"@isabelamoner @jcpenney You look gorgeous isabela"""
1544645037,RT @jcpenney: Discover Peyton &amp; Parker\u2014a celebration of family through curated
1544645064,"@NicoleQ69569523 Hi Nicole! You can visit your local JCPenney store on 12\/13-12\/15 when doors open to get one of these coupons."""
1544645462,"@HarfordMutual employees are ringing the bell for @SalArmyCM! We are proud of our dedicated volunteers at @jcpenney\u2026 https:\/\/t.co\/fIYMMbdMxZ"""
1544645584,"RT @HolyokeMall: \ud83c\udf89 110 Grill Grand Opening! \ud83c\udf89\n\ud83d\udcc6: December 13\n\u23f0: 4:00 pm\n\ud83d\udccd: Located on the Upper Level near JCPenney\n#holyokemall \n\nhttps:\/\/\u2026"""
1544645586,@mac_183 Hello Mac
1544645594,"Jcpenney : Buy 1 Get 2 For Free Kids Shoes https:\/\/t.co\/hejgYa78oL https:\/\/t.co\/eqr15q4xGb"""
1544645938,"Star Wars Ugly Christmas Sweaters on sale at @jcpenney !!! Yes I certainly did buy BB8 AND it makes noise!!!\u2026 https:\/\/t.co\/RcJt6x1Zfj"""
1544646265,RT @jcpnews: Kenny Stills
1544646283,"Family Photo!! Teaming up with @JCPenney to surprise kids from the NYC @ymca has been a major highlight for me alre\u2026 https:\/\/t.co\/kwLJQk4O4W"""
1544646293,"RT @joejonas: Family Photo!! Teaming up with @JCPenney to surprise kids from the NYC @ymca has been a major highlight for me already this h\u2026"""
1544646295,"RT @joejonas: Family Photo!! Teaming up with @JCPenney to surprise kids from the NYC @ymca has been a major highlight for me already this h\u2026"""
1544646295,"RT @joejonas: Family Photo!! Teaming up with @JCPenney to surprise kids from the NYC @ymca has been a major highlight for me already this h\u2026"""
1544646297,"RT @joejonas: Family Photo!! Teaming up with @JCPenney to surprise kids from the NYC @ymca has been a major highlight for me already this h\u2026"""
1544646298,"RT @joejonas: Family Photo!! Teaming up with @JCPenney to surprise kids from the NYC @ymca has been a major highlight for me already this h\u2026"""
1544646303,"RT @joejonas: Family Photo!! Teaming up with @JCPenney to surprise kids from the NYC @ymca has been a major highlight for me already this h\u2026"""
1544646303,"RT @joejonas: Family Photo!! Teaming up with @JCPenney to surprise kids from the NYC @ymca has been a major highlight for me already this h\u2026"""
1544646304,"RT @joejonas: Family Photo!! Teaming up with @JCPenney to surprise kids from the NYC @ymca has been a major highlight for me already this h\u2026"""
1544646305,"RT @joejonas: Family Photo!! Teaming up with @JCPenney to surprise kids from the NYC @ymca has been a major highlight for me already this h\u2026"""
1544646305,"RT @joejonas: Family Photo!! Teaming up with @JCPenney to surprise kids from the NYC @ymca has been a major highlight for me already this h\u2026"""
1544646313,"RT @joejonas: Family Photo!! Teaming up with @JCPenney to surprise kids from the NYC @ymca has been a major highlight for me already this h\u2026"""
1544646314,"@ymca COME TO MY JCPENNEY IN LOUISVILLE AT JEFFERSON MALL PLEASE I WORK THERE OMG"""
1544646322,"T @joejonas: Family Photo!! Teaming up with @JCPenney to surprise kids from the NYC @ymca has been a major highlight for me already this h\u2026"""
1544646324,"@joejonas @jcpenney @ymca Cut your hair thank you"""
1544646325,"RT @joejonas: Family Photo!! Teaming up with @JCPenney to surprise kids from the NYC @ymca has been a major highlight for me already this h\u2026"""
1544646347,"RT @joejonas: Family Photo!! Teaming up with @JCPenney to surprise kids from the NYC @ymca has been a major highlight for me already this h\u2026"""
1544646360,"RT @joejonas: Family Photo!! Teaming up with @JCPenney to surprise kids from the NYC @ymca has been a major highlight for me already this h\u2026"""
1544646364,"RT @joejonas: Family Photo!! Teaming up with @JCPenney to surprise kids from the NYC @ymca has been a major highlight for me already this h\u2026"""
1544646365,"RT @joejonas: Family Photo!! Teaming up with @JCPenney to surprise kids from the NYC @ymca has been a major highlight for me already this h\u2026"""
1544646375,"RT @joejonas: Family Photo!! Teaming up with @JCPenney to surprise kids from the NYC @ymca has been a major highlight for me already this h\u2026"""
1544646377,"RT @joejonas: Family Photo!! Teaming up with @JCPenney to surprise kids from the NYC @ymca has been a major highlight for me already this h\u2026"""
1544646397,"@joejonas @jcpenney @ymca That's amazing \u2764"""
1544646409,"RT @joejonas: Family Photo!! Teaming up with @JCPenney to surprise kids from the NYC @ymca has been a major highlight for me already this h\u2026"""
1544646415,"RT @joejonas: Family Photo!! Teaming up with @JCPenney to surprise kids from the NYC @ymca has been a major highlight for me already this h\u2026"""
1544646429,"RT @joejonas: Family Photo!! Teaming up with @JCPenney to surprise kids from the NYC @ymca has been a major highlight for me already this h\u2026"""
1544646440,"WHY DOES SHIT LIKE THIS HAPPEN AFTER I QUIT JCPENNEY"""
1544646442,"RT @joejonas: Family Photo!! Teaming up with @JCPenney to surprise kids from the NYC @ymca has been a major highlight for me already this h\u2026"""
1544646445,"RT @joejonas: Family Photo!! Teaming up with @JCPenney to surprise kids from the NYC @ymca has been a major highlight for me already this h\u2026"""
1544646446,"RT @joejonas: Family Photo!! Teaming up with @JCPenney to surprise kids from the NYC @ymca has been a major highlight for me already this h\u2026"""
1544646452,"RT @joejonas: Family Photo!! Teaming up with @JCPenney to surprise kids from the NYC @ymca has been a major highlight for me already this h\u2026"""
1544646452,"RT @joejonas: Family Photo!! Teaming up with @JCPenney to surprise kids from the NYC @ymca has been a major highlight for me already this h\u2026"""
1544646458,"RT @joejonas: Family Photo!! Teaming up with @JCPenney to surprise kids from the NYC @ymca has been a major highlight for me already this h\u2026"""
1544646460,"RT @joejonas: Family Photo!! Teaming up with @JCPenney to surprise kids from the NYC @ymca has been a major highlight for me already this h\u2026"""
1544646481,"@jcpenney not very cool of you to cancel my order because YOU messed up with inventory... won\u2019t get my business aga\u2026 https:\/\/t.co\/1NBOu2qyxQ"""
1544646507,@joejonas @jcpenney @ymca Make it a GREAT Christmas
1544646516,"RT @joejonas: Family Photo!! Teaming up with @JCPenney to surprise kids from the NYC @ymca has been a major highlight for me already this h\u2026"""
1544646554,"RT @joejonas: Family Photo!! Teaming up with @JCPenney to surprise kids from the NYC @ymca has been a major highlight for me already this h\u2026"""
1544646557,"RT @joejonas: Family Photo!! Teaming up with @JCPenney to surprise kids from the NYC @ymca has been a major highlight for me already this h\u2026"""
1544646585,"RT @joejonas: Family Photo!! Teaming up with @JCPenney to surprise kids from the NYC @ymca has been a major highlight for me already this h\u2026"""
1544646612,"McCain Mall will be hosting the Salvation Army Angel Tree this year on the upper level next to JCPenney.  The Angel\u2026 https:\/\/t.co\/93pQHNgyMi"""
1544646615,"It's time for holiday photos with Santa! He'll be waiting for you at JCPenney Court.  To reserve your FastPass and\u2026 https:\/\/t.co\/zIIBStIpnI"""
1544646615,"It's time for holiday photos with Santa! He'll be waiting for you at JCPenney Court. \ud83c\udf85\ud83c\udffb To reserve your FastPass an\u2026 https:\/\/t.co\/xjUFbTYdMc"""
1544646618,"RT @joejonas: Family Photo!! Teaming up with @JCPenney to surprise kids from the NYC @ymca has been a major highlight for me already this h\u2026"""
1544646623,"RT @joejonas: Family Photo!! Teaming up with @JCPenney to surprise kids from the NYC @ymca has been a major highlight for me already this h\u2026"""
1544646630,"RT @joejonas: Family Photo!! Teaming up with @JCPenney to surprise kids from the NYC @ymca has been a major highlight for me already this h\u2026"""
1544646631,"RT @joejonas: Family Photo!! Teaming up with @JCPenney to surprise kids from the NYC @ymca has been a major highlight for me already this h\u2026"""
1544646648,"RT @joejonas: Family Photo!! Teaming up with @JCPenney to surprise kids from the NYC @ymca has been a major highlight for me already this h\u2026"""
1544646724,"RT @joejonas: Family Photo!! Teaming up with @JCPenney to surprise kids from the NYC @ymca has been a major highlight for me already this h\u2026"""
1544646739,"RT @joejonas: Family Photo!! Teaming up with @JCPenney to surprise kids from the NYC @ymca has been a major highlight for me already this h\u2026"""
1544646747,"@joejonas @jcpenney @ymca There is nothing better than loving on kids @joejonas @jcpenney @ymca great job and continue the love"""
1544646761,"RT @joejonas: Family Photo!! Teaming up with @JCPenney to surprise kids from the NYC @ymca has been a major highlight for me already this h\u2026"""
1544646762,"RT @joejonas: Family Photo!! Teaming up with @JCPenney to surprise kids from the NYC @ymca has been a major highlight for me already this h\u2026"""
1544646765,"RT @joejonas: Family Photo!! Teaming up with @JCPenney to surprise kids from the NYC @ymca has been a major highlight for me already this h\u2026"""
1544646861,"RT @joejonas: Family Photo!! Teaming up with @JCPenney to surprise kids from the NYC @ymca has been a major highlight for me already this h\u2026"""
1544646867,"RT @joejonas: Family Photo!! Teaming up with @JCPenney to surprise kids from the NYC @ymca has been a major highlight for me already this h\u2026"""
1544646867,"\u201cFamily Photo!! Teaming up with @JCPenney to surprise kids from the NYC @ymca has been a major highlight for me alr\u2026 https:\/\/t.co\/sGIgrbpfFc"""
1544646867,"RT @SHAQ: \u2018Tis the #SeasonOfShaq baby! I spent a day in Dallas surprising Big &amp; Tall guys with suits from my Shaquille O\u2019Neal XLG line \ud83d\udc54 an\u2026"""
1544646872,"RT @joejonas: Family Photo!! Teaming up with @JCPenney to surprise kids from the NYC @ymca has been a major highlight for me already this h\u2026"""
1544646877,"RT @joejonas: Family Photo!! Teaming up with @JCPenney to surprise kids from the NYC @ymca has been a major highlight for me already this h\u2026"""
1544646884,"RT @joejonas: Family Photo!! Teaming up with @JCPenney to surprise kids from the NYC @ymca has been a major highlight for me already this h\u2026"""
1544646917,"RT @joejonas: Family Photo!! Teaming up with @JCPenney to surprise kids from the NYC @ymca has been a major highlight for me already this h\u2026"""
1544646996,"Annual Pearce Family portrait day at @jcpenney. Wish me luck."""
1544647010,"@joejonas @jcpenney @ymca Keep being your kind self"""
1544647047,"RT @joejonas: Family Photo!! Teaming up with @JCPenney to surprise kids from the NYC @ymca has been a major highlight for me already this h\u2026"""
1544647052,"RT @joejonas: Family Photo!! Teaming up with @JCPenney to surprise kids from the NYC @ymca has been a major highlight for me already this h\u2026"""
1544647056,"RT @joejonas: Family Photo!! Teaming up with @JCPenney to surprise kids from the NYC @ymca has been a major highlight for me already this h\u2026"""
1544647065,"RT @joejonas: Family Photo!! Teaming up with @JCPenney to surprise kids from the NYC @ymca has been a major highlight for me already this h\u2026"""
1544647065,"RT @joejonas: Family Photo!! Teaming up with @JCPenney to surprise kids from the NYC @ymca has been a major highlight for me already this h\u2026"""
1544647085,"RT @joejonas: Family Photo!! Teaming up with @JCPenney to surprise kids from the NYC @ymca has been a major highlight for me already this h\u2026"""
1544647086,"RT @joejonas: Family Photo!! Teaming up with @JCPenney to surprise kids from the NYC @ymca has been a major highlight for me already this h\u2026"""
1544647167,"RT @joejonas: Family Photo!! Teaming up with @JCPenney to surprise kids from the NYC @ymca has been a major highlight for me already this h\u2026"""
1544647175,"RT @joejonas: Family Photo!! Teaming up with @JCPenney to surprise kids from the NYC @ymca has been a major highlight for me already this h\u2026"""
1544647178,"RT @joejonas: Family Photo!! Teaming up with @JCPenney to surprise kids from the NYC @ymca has been a major highlight for me already this h\u2026"""
1544647225,"RT @joejonas: Family Photo!! Teaming up with @JCPenney to surprise kids from the NYC @ymca has been a major highlight for me already this h\u2026"""
1544647254,"Santa Kelce: Chiefs\u2019 Travis Kelce shops with YMCA kids at JCPenney holiday event #KansasCityChiefs https:\/\/t.co\/L6N3JV0Itq"""
1544647333,"RT @joejonas: Family Photo!! Teaming up with @JCPenney to surprise kids from the NYC @ymca has been a major highlight for me already this h\u2026"""
1544647392,"RT @joejonas: Family Photo!! Teaming up with @JCPenney to surprise kids from the NYC @ymca has been a major highlight for me already this h\u2026"""
1544647407,"RT @joejonas: Family Photo!! Teaming up with @JCPenney to surprise kids from the NYC @ymca has been a major highlight for me already this h\u2026"""
1544647434,RT @jcpnews: Kenny Stills
1544647456,"RT @joejonas: Family Photo!! Teaming up with @JCPenney to surprise kids from the NYC @ymca has been a major highlight for me already this h\u2026"""
1544647495,"RT @joejonas: Family Photo!! Teaming up with @JCPenney to surprise kids from the NYC @ymca has been a major highlight for me already this h\u2026"""
1544647588,@ScrapDaddyAP @jcpenney We do this seemingly every 2 months
1544647660,"RT @joejonas: Family Photo!! Teaming up with @JCPenney to surprise kids from the NYC @ymca has been a major highlight for me already this h\u2026"""
1544647668,"RT @joejonas: Family Photo!! Teaming up with @JCPenney to surprise kids from the NYC @ymca has been a major highlight for me already this h\u2026"""
1544647830,"RT @joejonas: Family Photo!! Teaming up with @JCPenney to surprise kids from the NYC @ymca has been a major highlight for me already this h\u2026"""
1544647892,"RT @joejonas: Family Photo!! Teaming up with @JCPenney to surprise kids from the NYC @ymca has been a major highlight for me already this h\u2026"""
1544647967,"RT @joejonas: Family Photo!! Teaming up with @JCPenney to surprise kids from the NYC @ymca has been a major highlight for me already this h\u2026"""
1544648006,"RT @joejonas: Family Photo!! Teaming up with @JCPenney to surprise kids from the NYC @ymca has been a major highlight for me already this h\u2026"""
1544648010,"RT @AtomsPTSA: BONUS CASH EVENT: Shopping at Old Navy online? Macy's or JCPenney? Why not click to https:\/\/t.co\/nUasxZdTjF first and earn s\u2026"""
1544648081,"RT @joejonas: Family Photo!! Teaming up with @JCPenney to surprise kids from the NYC @ymca has been a major highlight for me already this h\u2026"""
1544648186,"RT @joejonas: Family Photo!! Teaming up with @JCPenney to surprise kids from the NYC @ymca has been a major highlight for me already this h\u2026"""
1544648229,"lol why can i never figure out how to quit from my jobs first jcpenney and now michael\u2019s \ud83d\ude44 can companies please make it easier to quit?"""
1544648309,"RT @joejonas: Family Photo!! Teaming up with @JCPenney to surprise kids from the NYC @ymca has been a major highlight for me already this h\u2026"""
1544648356,"RT @ScrapDaddyAP: Annual Pearce Family portrait day at @jcpenney. Wish me luck."""
1544648370,"RT @joejonas: Family Photo!! Teaming up with @JCPenney to surprise kids from the NYC @ymca has been a major highlight for me already this h\u2026"""
1544648406,"RT @joejonas: Family Photo!! Teaming up with @JCPenney to surprise kids from the NYC @ymca has been a major highlight for me already this h\u2026"""
1544648451,@jcpenney regret ordering my mattress from JCP
1544648453,"RT @joejonas: Family Photo!! Teaming up with @JCPenney to surprise kids from the NYC @ymca has been a major highlight for me already this h\u2026"""
1544648463,"RT @joejonas: Family Photo!! Teaming up with @JCPenney to surprise kids from the NYC @ymca has been a major highlight for me already this h\u2026"""
1544648475,"Keeping my style game \ud83d\udcaf Shaquille O\u2019Neal XLG line exclusively at @JCPenney. #AllAtJCP #Ad https:\/\/t.co\/RVH1sKeK8Y"""
1544648498,"RT @SHAQ: Keeping my style game \ud83d\udcaf Shaquille O\u2019Neal XLG line exclusively at @JCPenney. #AllAtJCP #Ad https:\/\/t.co\/RVH1sKeK8Y"""
1544648519,"RT @SHAQ: Keeping my style game \ud83d\udcaf Shaquille O\u2019Neal XLG line exclusively at @JCPenney. #AllAtJCP #Ad https:\/\/t.co\/RVH1sKeK8Y"""
1544648520,"@SHAQ @jcpenney The best!!"""
1544648528,"@SHAQ @jcpenney looking sharp Shaq!"""
1544648546,"Shaq looking like the modern day Thanos"""
1544648555,"@SHAQ @jcpenney Shaq we love you my brotha... just an awesome man.. successful dominant and outspoken black man...\u2026 https:\/\/t.co\/gqUzry32PY"""
1544648558,"@SHAQ @jcpenney Shaq. I am begging you. Get my dad out of prison"""
1544648591,"RT @SHAQ: Keeping my style game \ud83d\udcaf Shaquille O\u2019Neal XLG line exclusively at @JCPenney. #AllAtJCP #Ad https:\/\/t.co\/RVH1sKeK8Y"""
1544648601,"@SHAQ @jcpenney How many spools of thread does it take?"""
1544648614,"SHAQ @jcpenney Very sharp Sir Bless."""
1544648619,"@SHAQ @jcpenney @shaq chasing that \ud83d\udcb0\ud83d\udcb0\ud83d\udcb0 with all these ads."""
1544648620,"@SHAQ @jcpenney Dang shaq. You taller than that Ferris wheel"""
1544648622,"@SHAQ @jcpenney Shaq does that fact your bigger then a Ferris wheel prove your still growing thanks"""
1544648636,"@SHAQ @jcpenney Very nice!!"""
1544648668,"RT @SHAQ: Keeping my style game \ud83d\udcaf Shaquille O\u2019Neal XLG line exclusively at @JCPenney. #AllAtJCP #Ad https:\/\/t.co\/RVH1sKeK8Y"""
1544648673,"RT @SHAQ: Keeping my style game \ud83d\udcaf Shaquille O\u2019Neal XLG line exclusively at @JCPenney. #AllAtJCP #Ad https:\/\/t.co\/RVH1sKeK8Y"""
1544648688,"RT @SHAQ: Keeping my style game \ud83d\udcaf Shaquille O\u2019Neal XLG line exclusively at @JCPenney. #AllAtJCP #Ad https:\/\/t.co\/RVH1sKeK8Y"""
1544648693,"@SHAQ @jcpenney when shaq is taller then your citys ferris wheel"""
1544648705,"RT @Nedsfeed: @SHAQ @jcpenney Shaq does that fact your bigger then a Ferris wheel prove your still growing thanks"""
1544648706,"@SHAQ @jcpenney Wow. Last night I was watching late night TV. You are the commercial KING of late night! One after\u2026 https:\/\/t.co\/YgYAehpTVu"""
1544648718,"RT @SHAQ: Keeping my style game \ud83d\udcaf Shaquille O\u2019Neal XLG line exclusively at @JCPenney. #AllAtJCP #Ad https:\/\/t.co\/RVH1sKeK8Y"""
1544648745,"RT @joejonas: Family Photo!! Teaming up with @JCPenney to surprise kids from the NYC @ymca has been a major highlight for me already this h\u2026"""
1544648748,"@SHAQ @jcpenney bro where they make all that matieal  looks good"""
1544648773,"@SHAQ @jcpenney Clean up nicely Shaq. \ud83d\udc4d\ud83e\udd19"""
1544648779,"RT @SHAQ: Keeping my style game \ud83d\udcaf Shaquille O\u2019Neal XLG line exclusively at @JCPenney. #AllAtJCP #Ad https:\/\/t.co\/RVH1sKeK8Y"""
1544648786,"@SHAQ @jcpenney Clean"""
1544648804,"@SHAQ @jcpenney Waiting for that depends ad."""
1544648839,"@SHAQ @jcpenney Looking Sharp there Shaq \ud83d\ude09\ud83d\udc4d"""
1544648853,"RT @joejonas: Family Photo!! Teaming up with @JCPenney to surprise kids from the NYC @ymca has been a major highlight for me already this h\u2026"""
1544648856,"@SHAQ @jcpenney Very Sharp and clean my dude \ud83d\udc4c"""
1544648860,"RT @joejonas: Family Photo!! Teaming up with @JCPenney to surprise kids from the NYC @ymca has been a major highlight for me already this h\u2026"""
1544648888,"@LukeBallzak @Cr8rBoi @Jizzeemoto @LucyLarvae @krentcilp5 @TravlingDan @ThrobbingUnit @JimBlackMax @leggioluciano\u2026 https:\/\/t.co\/WrsdotuTBe"""
1544648903,"RT @SHAQ: Keeping my style game \ud83d\udcaf Shaquille O\u2019Neal XLG line exclusively at @JCPenney. #AllAtJCP #Ad https:\/\/t.co\/RVH1sKeK8Y"""
1544648915,"RT @SHAQ: Keeping my style game \ud83d\udcaf Shaquille O\u2019Neal XLG line exclusively at @JCPenney. #AllAtJCP #Ad https:\/\/t.co\/RVH1sKeK8Y"""
1544648918,"RT @joejonas: Family Photo!! Teaming up with @JCPenney to surprise kids from the NYC @ymca has been a major highlight for me already this h\u2026"""
1544648971,"@joejonas @jcpenney @ymca You have an amazing heart Joseph"""
1544649017,"RT @SHAQ: Keeping my style game \ud83d\udcaf Shaquille O\u2019Neal XLG line exclusively at @JCPenney. #AllAtJCP #Ad https:\/\/t.co\/RVH1sKeK8Y"""
1544649081,"enter @CandaceCorey Travel Essentials giveaway to #Win items from @CantuBeauty @Curelus @jcpenney + Baby @Dove https:\/\/t.co\/oX6j1gvzyJ"""
1544649117,"RT @SHAQ: Keeping my style game \ud83d\udcaf Shaquille O\u2019Neal XLG line exclusively at @JCPenney. #AllAtJCP #Ad https:\/\/t.co\/RVH1sKeK8Y"""
1544649130,"RT @SHAQ: Keeping my style game \ud83d\udcaf Shaquille O\u2019Neal XLG line exclusively at @JCPenney. #AllAtJCP #Ad https:\/\/t.co\/RVH1sKeK8Y"""
1544649163,"RT @Nedsfeed: @SHAQ @jcpenney Shaq does that fact your bigger then a Ferris wheel prove your still growing thanks"""
1544649173,"RT @joejonas: Family Photo!! Teaming up with @JCPenney to surprise kids from the NYC @ymca has been a major highlight for me already this h\u2026"""
1544649178,"RT @joejonas: Family Photo!! Teaming up with @JCPenney to surprise kids from the NYC @ymca has been a major highlight for me already this h\u2026"""
1544649186,"I liked a @YouTube video https:\/\/t.co\/IXPtlxXM76 CHRISTMAS SHOPPING FOR FRIENDS &amp; FAMILY! SEPHORA INSIDE JCPENNEY GIVEAWAY!"""
1544649189,"RT @joejonas: Family Photo!! Teaming up with @JCPenney to surprise kids from the NYC @ymca has been a major highlight for me already this h\u2026"""
1544649190,"For a second I thought Shaq was bigger than that Ferris wheel I just wasn\u2019t going to question it"""
1544649209,"@SHAQ @jcpenney Looking good @SHAQ Ready for the business of the day! \ud83d\udc4d\ud83d\udc4d\ud83d\udc4d\ud83d\udc4d\ud83d\udc4d\ud83d\udc4d"""
1544649299,@SHAQ @jcpenney Hey that\u2019s a really nice look Shaq. Great pic
1544649331,"RT @SHAQ: Keeping my style game \ud83d\udcaf Shaquille O\u2019Neal XLG line exclusively at @JCPenney. #AllAtJCP #Ad https:\/\/t.co\/RVH1sKeK8Y"""
1544649641,@tkelce I have always thought you a classy guy
1544649646,"RT @SHAQ: Keeping my style game \ud83d\udcaf Shaquille O\u2019Neal XLG line exclusively at @JCPenney. #AllAtJCP #Ad https:\/\/t.co\/RVH1sKeK8Y"""
1544649692,"RT @SHAQ: Keeping my style game \ud83d\udcaf Shaquille O\u2019Neal XLG line exclusively at @JCPenney. #AllAtJCP #Ad https:\/\/t.co\/RVH1sKeK8Y"""
1544649743,"I liked a @YouTube video https:\/\/t.co\/XIJW6C1qxO CHRISTMAS SHOPPING FOR FRIENDS &amp; FAMILY! SEPHORA INSIDE JCPENNEY GIVEAWAY!"""
1544649752,"RT @joejonas: Family Photo!! Teaming up with @JCPenney to surprise kids from the NYC @ymca has been a major highlight for me already this h\u2026"""
1544649835,"If I don't leave with an outfit that looks like it was made for young man who isn't very masculine did I even go to\u2026 https:\/\/t.co\/LgsQVWNm9B"""
1544649961,"RT @SHAQ: Keeping my style game \ud83d\udcaf Shaquille O\u2019Neal XLG line exclusively at @JCPenney. #AllAtJCP #Ad https:\/\/t.co\/RVH1sKeK8Y"""
1544649996,"Thanos is that you !?!"""
1544650025,"RT @ASASNorthTexas: We always appreciate having our @jcpenney friends here for fun activities with our kids and serving as positive role mo\u2026"""
1544650184,"RT @joejonas: Family Photo!! Teaming up with @JCPenney to surprise kids from the NYC @ymca has been a major highlight for me already this h\u2026"""
1544650187,"RT @michaelstrahan: SPRING AHEAD; FALL BEHIND; CHANGE THOSE CLOCKS AND RAISE YOUR WARDROBE GAME. RETWEET IF YOU\u2019RE READY TO BUY SOME NEW MS\u2026"""
1544650191,RT @michaelstrahan: Even as the clocks change the qualities of a successful person remain the same. You have integrity
1544650215,What happens when one place doesn\u2019t help you? You go to your favorite place
1544650257,RT @jcpenney: Discover Peyton &amp; Parker\u2014a celebration of family through curated
1544650303,"RT @SHAQ: Keeping my style game \ud83d\udcaf Shaquille O\u2019Neal XLG line exclusively at @JCPenney. #AllAtJCP #Ad https:\/\/t.co\/RVH1sKeK8Y"""
1544650351,"RT @SHAQ: Keeping my style game \ud83d\udcaf Shaquille O\u2019Neal XLG line exclusively at @JCPenney. #AllAtJCP #Ad https:\/\/t.co\/RVH1sKeK8Y"""
1544650451,"RT @joejonas: Family Photo!! Teaming up with @JCPenney to surprise kids from the NYC @ymca has been a major highlight for me already this h\u2026"""
1544650486,"RT @Nedsfeed: @SHAQ @jcpenney Shaq does that fact your bigger then a Ferris wheel prove your still growing thanks"""
1544650515,"Don't know what to ask for Christmas? Ask for a JCPenney gift card for this exciting event! UNC Charlotte students\u2026 https:\/\/t.co\/ObewbbYOqn"""
1544650618,RT @87Running: Tonight
1544650618,"RT @joejonas: Family Photo!! Teaming up with @JCPenney to surprise kids from the NYC @ymca has been a major highlight for me already this h\u2026"""
1544650647,"RT @joejonas: Family Photo!! Teaming up with @JCPenney to surprise kids from the NYC @ymca has been a major highlight for me already this h\u2026"""
1544650705,"@jcpenney @LanakilaMiller Bought my wife a beautiful diamond ring at Penney\u2019s a few years ago and she still gets compliments for it\ud83d\udc4d"""
1544650738,"RT @jcpenney: This look is on our nice list! \u2705 https:\/\/t.co\/9X2o0Anu24 https:\/\/t.co\/O3LYm3WmhH"""
1544650797,@jcpenney at countryside clearwater
1544650816,"JCPenney Credit Card Features | How to Apply | How to\u00a0Login https:\/\/t.co\/Tt9HDVYeyM"""
1544650818,JCPenney Giving Spree events continue across the country. Yesterday
1544650829,"JCPenney Credit Card Features | How to Apply | How to Login https:\/\/t.co\/dSLH5nw1I8"""
1544650859,"@Littolex The a.n.a brand from jcpenney are good but Guess Jean's are my fav! Right now at the outlet in park city they are 22$ \u263a"""
1544650878,"When you bring the niece to @jcpenney and she is shopping for everyone but herself. She got something for her Mama\u2026 https:\/\/t.co\/nVswPW4Ntk"""
1544650908,"Check out 3 EURO Pillow Shams Blue Brown Scroll Design King Queen Bedroom JCPenney Home #JCPHome\u2026 https:\/\/t.co\/yFQJr8u4a5"""
1544650980,JCPenney Giving Spree events continue across the country. Yesterday
1544651044,Terrible experience with @jcpenney. Ordered two lovely 30 inch luggage
1544651117,"@joejonas @jcpenney @ymca Good Afternoon. That\""s a nice picture of you and kids.\ud83d\ude0e"""
1544651121,"RT @joejonas: Family Photo!! Teaming up with @JCPenney to surprise kids from the NYC @ymca has been a major highlight for me already this h\u2026"""
1544651146,"RT @joejonas: Family Photo!! Teaming up with @JCPenney to surprise kids from the NYC @ymca has been a major highlight for me already this h\u2026"""
1544651147,"RT @joejonas: Family Photo!! Teaming up with @JCPenney to surprise kids from the NYC @ymca has been a major highlight for me already this h\u2026"""
1544651361,"RT @SHAQ: Keeping my style game \ud83d\udcaf Shaquille O\u2019Neal XLG line exclusively at @JCPenney. #AllAtJCP #Ad https:\/\/t.co\/RVH1sKeK8Y"""
1544651405,"RT @SHAQ: Keeping my style game \ud83d\udcaf Shaquille O\u2019Neal XLG line exclusively at @JCPenney. #AllAtJCP #Ad https:\/\/t.co\/RVH1sKeK8Y"""
1544651492,"RT @joejonas: Family Photo!! Teaming up with @JCPenney to surprise kids from the NYC @ymca has been a major highlight for me already this h\u2026"""
1544651519,"RT @joejonas: Family Photo!! Teaming up with @JCPenney to surprise kids from the NYC @ymca has been a major highlight for me already this h\u2026"""
1544651530,"@askjcp order #2018-3385-1110-0810"""
1544651561,"RT @SHAQ: Keeping my style game \ud83d\udcaf Shaquille O\u2019Neal XLG line exclusively at @JCPenney. #AllAtJCP #Ad https:\/\/t.co\/RVH1sKeK8Y"""
1544651598,"So who is going to explain this? @jcpenney @UPSHelp @USPSHelp ? Let\u2019s start with @USPS yeah? I witnessed them throw\u2026 https:\/\/t.co\/LOmKEH6wII"""
1544651728,1. Adjusted for inflation
1544651878,"RT @EmilyRittman: .@tkelce and @jcpenney teamed up to surprise 25 kids from YMCA of Greater Kansas City with a special visit and shopping s\u2026"""
1544652010,"RT @joejonas: Family Photo!! Teaming up with @JCPenney to surprise kids from the NYC @ymca has been a major highlight for me already this h\u2026"""
1544652027,"@SHAQ @jcpenney nice"""
1544652041,"me: shopping gives me anxiety \n\nalso me: goes to jcpenney"""
1544652057,"RT @BaderTVEnt: NYC VIBE joined @joejonas as he teamed up with @jcpenney to spread holiday cheer by helping kids from across the U.S. and P\u2026"""
1544652095,Today
1544652121,"@Nedsfeed @SHAQ @jcpenney Could be a really small Ferris wheel and shaq is actually shrinking"""
1544652140,"Foot so deformed you can see it through the shoe!"""
1544652633,"RT @SHAQ: Keeping my style game \ud83d\udcaf Shaquille O\u2019Neal XLG line exclusively at @JCPenney. #AllAtJCP #Ad https:\/\/t.co\/RVH1sKeK8Y"""
1544652651,"RT @SHAQ: Keeping my style game \ud83d\udcaf Shaquille O\u2019Neal XLG line exclusively at @JCPenney. #AllAtJCP #Ad https:\/\/t.co\/RVH1sKeK8Y"""
1544652736,"Literally why wasn\u2019t I there?!"""
1544652817,"RT @joejonas: Family Photo!! Teaming up with @JCPenney to surprise kids from the NYC @ymca has been a major highlight for me already this h\u2026"""
1544652998,"RT @michaelstrahan: SPRING AHEAD; FALL BEHIND; CHANGE THOSE CLOCKS AND RAISE YOUR WARDROBE GAME. RETWEET IF YOU\u2019RE READY TO BUY SOME NEW MS\u2026"""
1544653001,RT @michaelstrahan: Even as the clocks change the qualities of a successful person remain the same. You have integrity
1544653194,"RT @joejonas: Family Photo!! Teaming up with @JCPenney to surprise kids from the NYC @ymca has been a major highlight for me already this h\u2026"""
1544653448,"@SHAQ @jcpenney Looking good big fella!"""
1544653482,"RT @joejonas: Family Photo!! Teaming up with @JCPenney to surprise kids from the NYC @ymca has been a major highlight for me already this h\u2026"""
1544653686,"RT @joejonas: Family Photo!! Teaming up with @JCPenney to surprise kids from the NYC @ymca has been a major highlight for me already this h\u2026"""
1544653859,"@jcpenney very disappointed in my online ordering experience with you!  Placed an order to be picked up at a store\u2026 https:\/\/t.co\/QS1rHfUdBo"""
1544653915,"RT @joejonas: Family Photo!! Teaming up with @JCPenney to surprise kids from the NYC @ymca has been a major highlight for me already this h\u2026"""
1544654005,"RT @joejonas: Family Photo!! Teaming up with @JCPenney to surprise kids from the NYC @ymca has been a major highlight for me already this h\u2026"""
1544654007,"RT @joejonas: Family Photo!! Teaming up with @JCPenney to surprise kids from the NYC @ymca has been a major highlight for me already this h\u2026"""
1544654158,"RT @joejonas: Family Photo!! Teaming up with @JCPenney to surprise kids from the NYC @ymca has been a major highlight for me already this h\u2026"""
1544654358,"Rago Tear Drop Panel Removable Foam Light Control Padded Panties https:\/\/t.co\/gxGGxkg0SF #jcpenney #soworthit"""
1544654598,@SHAQ @jcpenney Looking good Shaq
1544654600,"@askjcp @jcpenney how long does it take for money to be refunded for an item that was cancelled by you?"""
1544654696,"RT @SHAQ: Keeping my style game \ud83d\udcaf Shaquille O\u2019Neal XLG line exclusively at @JCPenney. #AllAtJCP #Ad https:\/\/t.co\/RVH1sKeK8Y"""
1544654718,"RT @joejonas: Family Photo!! Teaming up with @JCPenney to surprise kids from the NYC @ymca has been a major highlight for me already this h\u2026"""
1544654739,"B1G2 Free Boots for the Family &amp;#8211; $20 Shipped at JCPenney! https:\/\/t.co\/7BzhvJySbi"""
1544654903,"RT @SHAQ: Keeping my style game \ud83d\udcaf Shaquille O\u2019Neal XLG line exclusively at @JCPenney. #AllAtJCP #Ad https:\/\/t.co\/RVH1sKeK8Y"""
1544655044,"@jcpenney Your customer service experience needs some work. I had to reorder part of my black friday order because\u2026 https:\/\/t.co\/0zfDifjANi"""
1544655154,"@joejonas @jcpenney @ymca Great picture Joe! You are such a caring person! \u2764\ufe0f"""
1544655174,"RT @SHAQ: Keeping my style game \ud83d\udcaf Shaquille O\u2019Neal XLG line exclusively at @JCPenney. #AllAtJCP #Ad https:\/\/t.co\/RVH1sKeK8Y"""
1544655300,".@tkelce of the @Chiefs surprised 25 kids from the @KansasCityYMCA yesterday as he helped them shop for Christmas p\u2026 https:\/\/t.co\/6higJfyQg5"""
1544655503,"I liked a @YouTube video https:\/\/t.co\/SvaC5KtKwF CHRISTMAS SHOPPING FOR FRIENDS &amp; FAMILY! SEPHORA INSIDE JCPENNEY GIVEAWAY!"""
1544655517,"RT @joejonas: Family Photo!! Teaming up with @JCPenney to surprise kids from the NYC @ymca has been a major highlight for me already this h\u2026"""
1544655641,"RT @joejonas: Family Photo!! Teaming up with @JCPenney to surprise kids from the NYC @ymca has been a major highlight for me already this h\u2026"""
1544655875,"RT @joejonas: Family Photo!! Teaming up with @JCPenney to surprise kids from the NYC @ymca has been a major highlight for me already this h\u2026"""
1544655999,"Shopping Sharper Image Gaming Chair - $39.99 at JCPenney on Black Friday https:\/\/t.co\/KpZKawf6aA"""
1544656119,"RT @joejonas: Family Photo!! Teaming up with @JCPenney to surprise kids from the NYC @ymca has been a major highlight for me already this h\u2026"""
1544656178,"RT @joejonas: Family Photo!! Teaming up with @JCPenney to surprise kids from the NYC @ymca has been a major highlight for me already this h\u2026"""
1544656379,"@jcpenney sent you a direct message with information about wrong item received"""
1544656386,"It\u2019s the Holidays and @jcpenney is here to make this season easier than ever with great gifts for everyone on your\u2026 https:\/\/t.co\/Q3FYucDG09"""
1544656389,"Holiday Sale at JCPenney: Save Up to 70% off + Extra 20% - 25% off Today Only #jcpenney https:\/\/t.co\/Kr6AoMgrpz"""
1544656436,"@Nedsfeed @SHAQ @jcpenney That Ferris wheel is so small they let mugsy and spud ride on it"""
1544656544,JCPenney: Women\u2019s Boots Buy One
1544656628,"is this the manhattan mall jcpenney that\u2019s literally a basement"""
1544656697,"@ScrapDaddyAP @jcpenney Brother you should see us tryin to do portrait days \ud83d\ude02\ud83c\udf7b"""
1544656704,"RT @KarlAndersonWWE: @ScrapDaddyAP @jcpenney Brother you should see us tryin to do portrait days \ud83d\ude02\ud83c\udf7b"""
1544656750,"RT @KarlAndersonWWE: @ScrapDaddyAP @jcpenney Brother you should see us tryin to do portrait days \ud83d\ude02\ud83c\udf7b"""
1544656812,"RT @joejonas: Family Photo!! Teaming up with @JCPenney to surprise kids from the NYC @ymca has been a major highlight for me already this h\u2026"""
1544656814,"RT @ScrapDaddyAP: Annual Pearce Family portrait day at @jcpenney. Wish me luck."""
1544662090,"@jcpenney SO I can tweet you but NOT email? \ud83e\udd14Can someone please cancel\/refund an order I haven't picked up? #2018334580526621"""
1544662401,"astronaut bringing the holiday cheer to Denver! Bradley Chubb teamed up with @jcpenney to take a deserving group\u2026 https:\/\/t.co\/Pe0hvbgzeq"""
1544662511,"\ud83c\udf84GIVEAWAY TIME\ud83c\udf84\n\nCreated my very own holiday wishlist at Sephora inside @jcpenney! And you can too! I\u2019m giving away\u2026 https:\/\/t.co\/Xhmg65Lz0S"""
1544662522,"RT @nicolconcilio: \ud83c\udf84GIVEAWAY TIME\ud83c\udf84\n\nCreated my very own holiday wishlist at Sephora inside @jcpenney! And you can too! I\u2019m giving away a $5\u2026"""
1544662529,"RT @nicolconcilio: \ud83c\udf84GIVEAWAY TIME\ud83c\udf84\n\nCreated my very own holiday wishlist at Sephora inside @jcpenney! And you can too! I\u2019m giving away a $5\u2026"""
1544662605,"RT @nicolconcilio: \ud83c\udf84GIVEAWAY TIME\ud83c\udf84\n\nCreated my very own holiday wishlist at Sephora inside @jcpenney! And you can too! I\u2019m giving away a $5\u2026"""
1544662619,"@nicolconcilio @jcpenney Love you so much girl! Thanks for being so generous!"""
1544662664,"RT @nicolconcilio: \ud83c\udf84GIVEAWAY TIME\ud83c\udf84\n\nCreated my very own holiday wishlist at Sephora inside @jcpenney! And you can too! I\u2019m giving away a $5\u2026"""
1544662748,"RT @JazzyWindham: .@astronaut bringing the holiday cheer to Denver! Bradley Chubb teamed up with @jcpenney to take a deserving group kids o\u2026"""
1544662824,"People who wear JCPenney clothes think this is BIZARRE and UNWEARABLE clothing https:\/\/t.co\/IPN0rbpZtF"""
1544662935,"RT @JazzyWindham: .@astronaut bringing the holiday cheer to Denver! Bradley Chubb teamed up with @jcpenney to take a deserving group kids o\u2026"""
1544662963,"I just helped this girl pick out a dress amongst a sea of ugly dresses in JCPenney. But the feeling I got from watc\u2026 https:\/\/t.co\/sF1r6Xqfo3"""
43446.9674,Holiday Sale at JCPenney: Save Up to 70% off + Extra 20% - 25% off Today Only #jcpenney https://t.co/Kr6AoMgrpz
43446.94389,Rago Tear Drop Panel Removable Foam Light Control Padded Panties https://t.co/gxGGxkg0SF #jcpenney #soworthit
43446.82186,"While playing with investment $, I considered playing with junk stocks; however, https://t.co/Uo9Af5HA8r advised me https://t.co/daowMtHs6T"
43446.70733,@justjaredjr @joejonas @jcpenney NYC VIBE joined Joe Jonas at JCPenney as he posed for pictures with fans. https://t.co/C7TMQbkbzb
43446.7065,@dnce_online NYC VIBE spent the afternoon shopping at JCPenney in Herald Square with Grammy nominated artist and ac https://t.co/NG3uMhrucu
43446.70534,@kristoferkawas #NYCVIBE joined Joe Jonas as he teamed up with #JCPenney to spread holiday cheer. See our coverage.
43446.7041,Joe Jonas kicked off #JCPenneys Giving Spree event by surprising twenty-five kids from the NYC Metro #YMCAs with a https://t.co/qxBi0ZKsQp
43446.66491,This look is on our nice list! ? #JCPenney #inTheAustintownPlaza https://t.co/dDpnMUZgwR
43446.64641,A Dreambuilders thank you to @Seahawks playmaker David Moore &amp; the beautiful @TheSeaGals for teaming up with us and https://t.co/vkocnIILvk
43446.64204,Ronni Nicole Sleeveless Fit  https://t.co/2lDjDZo07A #jcpenney #soworthit
43446.54873,@elinhilderbrand They sell Tory Burch shoes at #JCPenney?! #theperfectcouple
43446.54444,"Make your #realestate mantra ""live, work, play"" &amp; you'll see a massive redevelopment opportunity in vacant mall anc https://t.co/9TkgA352vi"
43446.33407,Get holiday-ready with the must-have trends of the moment #jcpenney #ad https://t.co/aAr3UIsbXx
43446.22382,@askjcp Have sent several responses as you suggested. Havent even been read!! #jcpenney @askjcp @jcpenney
43446.19122,SWEET DEAL!  Love Lives Forever 1/2 CT. T.W. Round White Diamond 10K Gold 3-Stone Ring https://t.co/Qks2KJD4fI #jcpenney #soworthit
43446.17468,#traviskelce s/o good job with the kids Christmas shopping at #jcpenney
43446.15281,JC Penney Advertising Store Memorabilia Art J.C Penney Collectible https://t.co/UKbcEoliBf via @Etsy  #ebay https://t.co/YIGKK01eSy
43446.14878,So good I had to share! Check out all the items I'm loving on @Poshmarkapp #poshmark #fashion #style #shopmycloset https://t.co/aXp1U9GSW1
43446.14685,So good I had to share! Check out all the items I'm loving on @Poshmarkapp #poshmark #fashion #style #shopmycloset https://t.co/ZVLcRf8ANb
43446.13899,@nobbechristine Minky Sleep Pant Womens Plush Pajama Pants #jcpenney #soworthit https://t.co/fI8NEPTN08
43446.13785,Minky Sleep Pant Womens Plush Pajama Pants #jcpenney #soworthit @christinenobbe
43446.01733,Building dreams in Nashville tonight with two great guys and great @titans players. Thanks to ?@jcpenney? ? https://t.co/0dW9wTZwjL
43446.0173,So good I had to share! Check out all the items I'm loving on @Poshmarkapp from @DawnMartinez417 #poshmark #fashion https://t.co/ni6amwJCj8
43445.92449,Check out VINTAGE HOME TOWNE EXPRESS JCPENNEY 18 TRAIN TRACKS CHRISTMAS 1998 NEW IN BOX  #JCPENNEY https://t.co/bnz4fI47mF via @eBay
43445.74978,SistersSavingUCents: Nike Men's &amp; Women's Shoes 50%.Off At Jcpenny!! https://t.co/5DeXKMAo5P #savings #sisters https://t.co/MA4WHsVHY0
43445.6601,Boots and Shoes for the Family: Buy 1 Pair Get 2 Pairs Free at JCPenney Today #jcpenney https://t.co/dvWPGf4Vxi
43445.61397,"do not buy Faux fur (its not) do not buy wool. Please have compassion, watch video below. #Animalabuse  #Forever21 https://t.co/sX67UEjzEA"
43445.49626,JC Penney Laminated Fabric Valance 170 x 16 - Burnt Orange - 3 Available #JCPenney ENDS SOON    https://t.co/8wQJK6ySbu via @eBay
43445.32892,Really interesting to listen to the #WithoutFail podcast with Ron Johnson first https://t.co/UuKMhwknOA and then li https://t.co/PbWul1VwJU
43445.30904,So good I had to share! Check out all the items I'm loving on @Poshmarkapp #poshmark #fashion #style #shopmycloset https://t.co/M8G4EuCuEx
43445.26833,So good I had to share! Check out all the items I'm loving on @Poshmarkapp #poshmark #fashion #style #shopmycloset https://t.co/HKawNen9FX
43445.18507,So good I had to share! Check out all the items I'm loving on @Poshmarkapp from @atrendyboutique #poshmark #fashion https://t.co/QsCPe4zWgN
43445.18428,So good I had to share! Check out all the items I'm loving on @Poshmarkapp #poshmark #fashion #style #shopmycloset https://t.co/BnoZDCC8aR
43445.13944,Framed Vintage 1902 JC Penney Advertising Store Memorabilia Art J.C Penney Collectible https://t.co/PlFqbAd3JO via https://t.co/VzgOQ7VyVo
43445.13603,Hot dating wait you -&gt;&gt;&gt; https://t.co/OWHspOXrs5
43444.96304,"Check out Vintage Pleated Patio Panel Draw Drapery Ocean Blue 100"" x 84"" Brand New  #JCPenney https://t.co/kMc6nU3oMI via @eBay"
43444.9588,Pop Womens Deal Flat Sandals https://t.co/mwtyxcvmvC Distress #jcpenney #soworthit
43444.89583,"J.C. Penney: Buy one pair, get two FREE boots! https://t.co/8GA9E63cr0"
43444.78193,Liz Claiborne Short Sleeve Smock Neck Top - Tall #jcpenney #soworthit
43444.7172,Give the gift of #lionelrichiehome for the holidays ?? #shopnow #tistheseason #JCPenney https://t.co/jZWqLz0aQC
43444.70536,"What is up with JC Penney?  Three orders, three screw ups and Customer Service is horrible.  I hate seeing a great https://t.co/WYYBoiQKrT"
43444.66731,JCPenney is offering 30% off $100 or more or 25% off under $100
43444.60699,Ultimate Green Monday Sale at JCPenney: Up to 70% off + Extra 25% to 30% off #jcpenney https://t.co/xUGsoxTFEH
43444.57751,Hard-working @jcpenney stylist stunned when Secret Santa surprises her with a car  https://t.co/vkf164X2Xd  #jcpenney #secretsanta
43444.30306,Check out M JC Penney Multicolor Mottled Geometric 3/4 Sleeve Knit Top #JCPenney #KnitTop https://t.co/Isqmvt7hiE via @eBay
43443.86563,"Check out Vintage Snowman Plush 14"" 1992 The JCPenney Collection Christmas Stuffed Toy #JCPenney https://t.co/2PEF9hDQR1 via @eBay"
43443.70787,North Pole Trading Co Velvet Plus Throw $9.74 (Save $17.26!) https://t.co/cP1oRguES5 #jcpenney
43443.68356,So good I had to share! Check out all the items I'm loving on @Poshmarkapp #poshmark #fashion #style #shopmycloset https://t.co/7t3b9V1aF6
43443.6789,Paul Mitchell Christmas Joy Salon Display https://t.co/PUwnAnnOxj via @FixturesCloseUp #FixturesCloseUp https://t.co/0ld7L5xFQu
43443.67719,Santa's Animated Elf Store Greeter https://t.co/Nuv70EtlGE via @FixturesCloseUp #FixturesCloseUp #RetailFixtures https://t.co/yud8fhb8m1
43443.67616,Plywood Christmas Tree Prop as Staging https://t.co/vmqD2LHauT via @FixturesCloseUp #FixturesCloseUp https://t.co/bYLxRdQa5h
43443.64269,So good I had to share! Check out all the items I'm loving on @Poshmarkapp #poshmark #fashion #style #shopmycloset https://t.co/OEI9albEvL
43443.63406,Holiday Sale at JCPenney: Up to 70% off + Extra 25% to 30% off Today Only #jcpenney https://t.co/kX180fQxgM
43443.62453,Let the holiday parties begin! ?? I love family and friend gatherings! ?? Wearing this little gold number from https://t.co/bo2DXd8PuM
43443.08866,#DesignTip - Spruce up everyday home decor for the holidays with a glass dome and some fresh sprigs of pine ?? https://t.co/5h5MNvJXpv
43443.06669,We had an extremely disappointing experience at JC Penney West Grand Promenade location this afternoon- in line 45 https://t.co/dNUvQvFpxQ
43442.92964,Check out MCS-Model 3542-Stereo Cassette Deck Vintage WOODGRAIN For PARTS OR REPAIR #JCPenney https://t.co/2kZI6cfmLD via @eBay
43442.81358,A touch of green to get into the holiday spirit ???? Get yours in time for Christmas  #homefortheholidays #JCPenney https://t.co/9DzeUF2IPY
43442.64601,Christmas is not just a time for festivity and merry making. It is more than that. It is a time for the contemplat https://t.co/hMtkge1tmS
43442.60045,I GOT MY $2 CAST IRON SKILLET SET!!! https://t.co/Zxr5iPLUvS via @YouTube #castiron #skillets #castironskilletset https://t.co/zx9m84WxwO
43442.54282,"Check out Vintage Pleated Patio Panel Draw Drapery Ocean Blue 100"" x 84"" Brand New  #JCPenney https://t.co/kMc6nU3oMI via @eBay"
43442.51824,So good I had to share! Check out all the items I'm loving on @Poshmarkapp #poshmark #fashion #style #shopmycloset https://t.co/2jB1V74lHD
43442.45105,"Part 2: Yesterday after that, I saw this #Holiday display outside #JCPenney https://t.co/QtMsJfmhKG"
43442.45024,"Part 1: Yesterday, I saw this #Holiday and #SantaClaus display outside #JCPenney https://t.co/dD6dfb3vm9"
43442.32696,#Christmas ??is not just a time for festivity and merry making. It is more than that. It is a time for the contemp https://t.co/6W8YQdQ4nf
43442.22906,So good I had to share! Check out all the items I'm loving on @Poshmarkapp #poshmark #fashion #style #shopmycloset https://t.co/uWbAHmqYZn
43442.16742,Thank you JC Penney for $100 gift cards for our scholars! #DallasISD #ACEDallasISD #JCPENNEY @JCPENNEY https://t.co/NLh5pfhjWx
43442.15068,#JCPenney Meet 'N Greet with @AlishaMarie for Girls Night In https://t.co/dLswYVCovC via @YouTube  #GNI  #bbloggers #FlashbackFriday
43442.14729,"I had a dream #Amazon purchased #JCPenney, which is not crazy, but the dream also had Amazon owning https://t.co/7J7l8jabeZ"
43442.06036,So good I had to share! Check out all the items I'm loving on @Poshmarkapp from @kcaligiuri #poshmark #fashion https://t.co/qoGMbMBCts
43441.83344,That look on your face when you realize it's Friday! @jcpenneyhas adorable looks like these available now! If you https://t.co/GKMtwvh2w2
43441.79753,JCPs sucks.  They sent wrong items but told right ones were on the way.  JCP wouldn't resend until 12/7 if they did https://t.co/9qxACXIduh
43441.68344,So good I had to share! Check out all the items I'm loving on @Poshmarkapp from @Tricomia86 #poshmark #fashion https://t.co/Mpx6oljQhR
43441.67446,Shout out JCPenney Communities Foundation @jcpnews for their generous donation to #gotrdfw to help bridge the gap f https://t.co/uKZ1lebEvK
43441.64505,#JCPenney
43441.57694,#MickeyMouse #JCPenney #Snowglobe 2013 $11 Shipped Priority https://t.co/RwBLoX1X8u #santamickey https://t.co/T6n1A9do9N
43441.30208,"On this coming #Christmas, #JCPenney has all what you need to gift your loved ones. The shop is offering 60% off ev https://t.co/RbIYHADq4Q"
43441.28144,@SHAQ giving free gifts #InsideTheNBA #JCPenney if its free its for #Chuckster # Donut
43441.16216,When I was a kid the playing of this album signaled the holidays had arrived. #christmas #thatchristmasfeeling https://t.co/7oy8hMBFTr
43441.07763,Im not saying Im a perfect logistician but two big SEPARATE boxes for two small containers of hair products seems https://t.co/GIVQ9ky7Fv
43441.00575,#JCPenney
43440.98528,NYC VIBE spent the afternoon shopping at @jcpenney in Herald Square with Grammy nominated artist and actor https://t.co/DIjLX6hwuL
43440.9694,"If you havent been into a JC Penneys store lately, you should go. Can only speak for the store near me (west coas https://t.co/7dYqgMzZnC"
43440.9375,J.C. Penney: Two pair womens boots for $30: https://t.co/oKCzfuCnMl
43440.91606,#JCPenney Boots $15.99 &amp; Up (Usually $60 - $80!) https://t.co/peusC5fWJn
43440.90146,Vintage Teddy nylon Beige Lace bodysuit lace slip | eBay #jcpenney #vintage #vintageteddy #vintagelingerie #teddy https://t.co/nN05zI9HMK
43440.89981,Props to #JCPenney for this 2 dad family pajama ad!
43440.86719,"Check out 4 JC Penney Home Valances Rod Pocket Back Tab Burnt Henna 50"" x 18"" NEW in pkg.  https://t.co/wdjDChCkyH https://t.co/e1wF2mhbqz"
43440.8498,$17.99 (was $45) Champion Long Sleeve Fleece Hoodie
43440.64846,"The weather outside is frightful, but this sweater is so delightful. ??"
43440.6344,Holiday Sale at JCPenney: Save Up to 70% off + Take an Extra 20% to 25% off #jcpenney https://t.co/X62EW4pvm6
43440.23191,So good I had to share! Check out all the items I'm loving on @Poshmarkapp #poshmark #fashion #style #shopmycloset https://t.co/67FURRPAf8
43439.93597,So good I had to share! Check out all the items I'm loving on @Poshmarkapp #poshmark #fashion #style #shopmycloset https://t.co/CFCIgWcwus
43439.90963,"#JCPenney coupons have so many stipulations, they are almost impossible to use. That is why I love #Kohls. https://t.co/Q0PrIYEJ3L"
43439.81394,https://t.co/S67RAAU5Op JC Penney Electric Wok #Etsy #Vintage #Cooking #JCPenney #Electric #Wok https://t.co/uLNipbJmNG
43439.77093,When you try to avoid some of the shopping stress by ordering gifts online and #JCPenney messes up 3 of the 6 thing https://t.co/y5F4fa0px8
43439.7587,GO GO! $7.99 W/ #PromoCode On Page #JCPenney Family #Disney Tees (ad) https://t.co/Bzi0SeWS7i Several Options https://t.co/vY4ItjwYRM
43439.75203,#JCPenney $16.99 #Disney #MickeyMouse 90th Anniversary Toaster (ad) https://t.co/0frjybebs8 #Disneyland https://t.co/I2w5m7bthR
43439.73958,"#WIN a $200 #JCPENNEY #GIFTCARD from #NBA star Shaquille O'Neal! Shop #clothing, #homedecor, #toys, #shoes and https://t.co/b3b4ZYR5Xm"
43439.70311,Women's Lugz Boots - ONLY $11.20!
43439.68341,So good I had to share! Check out all the items I'm loving on @Poshmarkapp #poshmark #fashion #style #shopmycloset https://t.co/PS4RuMeMW2
43439.66881,"According to @LValigra of the @bangordailynews, #JCPenney has recently renewed its lease at the Bangor Mall ""for mu https://t.co/JNg29dNTxc"
43439.62501,Finding cute boots at great prices is just more fun!#JCPenney
43439.15563,"#Giveaway Time! ?? Holiday shopping on a budget doesnt mean foregoing luxurious looking gifts, especially when you https://t.co/IbRjVzlL99"
43439.14251,So good I had to share! Check out all the items I'm loving on @Poshmarkapp #poshmark #fashion #style #shopmycloset https://t.co/llTW3axoLY
43439.06083,So good I had to share! Check out all the items I'm loving on @Poshmarkapp #poshmark #fashion #style #shopmycloset https://t.co/D5nhQTE2FN
43439.0314,1 CT. T.W. Genuine White Diamond Sterling Silver 2-pc. Jewelry Set https://t.co/MgAGhkeG5K #jcpenney #soworthit
43438.93991,"When you live over 6 hours apart, Christmas gifts for nieces and nephews are shipped. Well, #UPS delivered this tod https://t.co/GdmEIfsxfP"
43438.9341,So good I had to share! Check out all the items I'm loving on @Poshmarkapp #poshmark #fashion #style #shopmycloset https://t.co/i3Gi2qbnC1
43438.75208,"Know when items are at their lowest price, the secrets behind JCPenneys Pink Tag and Clearance Sales. https://t.co/3o322lPIlq"
43438.73325,Rule of thumb: Never put on a #Walmart hoodie with a #JCPenney suit @gmfb They sell dress shirts there too.
43438.72973,Always in the mood for denim! Hope you are having and amazing day! #fashion #styleblogger #lotd #snakeskin https://t.co/lnra23qemr
43438.69461,Good design is pretty simple. Got inspired by this piece for a project Ill be working on today. #gooddesign https://t.co/v5lGCa7jUq
43438.45907,?? QUILT LINED FLANNEL SHIRT ??
43438.43487,Spiderman #hangingout @ @jcpenney #jcpenney in the @westfieldbroward #westfieldbroward #westfieldbrowardmall #mall https://t.co/ihQNxdsBZi
43438.31184,So good I had to share! Check out all the items I'm loving on @Poshmarkapp #poshmark #fashion #style #shopmycloset https://t.co/Rr9dDnpiB0
43438.16752,Check out NWT Men's i jeans by Buffalo Ladie Mockneck Acrylic Wool XL Sweater JC Penney #Mockneck https://t.co/SzNmxuNiry
43438.08895,Yay Its December! ???? #oliviaannlott @CampbellModels #jcpenney #photoshoot https://t.co/dvc5lC8jZ0
43438.08387,"@SHAQ @jcpenney @Jcpenney, #SeasonOfShaq,#promo"
43437.89675,JCPenney Home Plaza Embroidery Grommet-Top Tailored Valance #jcpenney #soworthit
43437.86913,I need the hookup Shaq because I am a teacher and big and tall clothes are super expensive and any little bit helps #SeasonOfShaq #jcpenney
43437.82398,@SHAQ @jcpenney Big Dawg- I'm working on my professional look for chapter meetings.  #jcpenney #???
43437.76037,@SHAQ @jcpenney Because clothes dont fit right like big guys like us!!!! #pantsinpactcular #jcpenney #shaq
43437.67435,"$25 &amp; Under Sale at JCPenney: Up to 90% off 2,700+ Items + Extra 25%-30% off #jcpenney https://t.co/7aPIrX2lZJ"
43437.51216,Looking for great deals and more #JCPenney has all that and more. Get that early #Christmas #shopping done. Click t https://t.co/zU0iOVMWfR
43437.39638,So good I had to share! Check out all the items I'm loving on @Poshmarkapp from @justbtarra @timelessther #poshmark https://t.co/KFZPrXn7mx
43437.35486,So good I had to share! Check out all the items I'm loving on @Poshmarkapp from @AjeletBergman #poshmark #fashion https://t.co/aIGimlC3vt
43437.18057,@askjcp @askjcp / @jcpenney  habitually closes between10-30 minutes earlier than advertised/printed closing time.If https://t.co/0gXRmC3fbY
43437.13406,"Holiday Home Sale at JCPenney: Up to 50% off 157,000+ Items + 25% - 30% off #jcpenney https://t.co/OtLWWgoHEp"
43436.90234,My Cotton Towel Set is the perfect gift for the entertainer or homemaker in your life ?? #JCP #JCPenney https://t.co/W5KV6w9lKP
43436.83581,"Check out Vintage Snowman Plush 14"" 1992 The JCPenney Collection Christmas Stuffed Toy #JCPenney https://t.co/2PEF9hDQR1 via @eBay"
43436.77275,Home Expressions Lisette Rod-Pocket Sheer Panel https://t.co/c2E5LBhQXH #jcpenney #soworthit
