12/11/2018 15:27,So good I had to share! Check out all the items I'm loving on @Poshmarkapp from @hollyjones341 @anniebananie76‚Ä¶ https://t.co/5Lt8H7zquP,,
12/11/2018 15:06,Can't wait to try out my new 16 Color Eyeshadow Palette by @bhcosmetics Would u believe it's only $10.00 at @Kohls?‚Ä¶ https://t.co/cMSIvK5kBa,,
12/11/2018 14:59,Check out KOHL'S GLAZED CERAMIC TISSUE BOX COVER - SUSSEX - Retailed for $44.99 - PRETTY! #Kohls https://t.co/xtyKXLQUoQ via @eBay,,
12/11/2018 12:56,Yesterday's lewk! #kohls #sorel #fitchick #fitisnewsexy #fitnessandhealth #fitforthewin #blackgirlmagic‚Ä¶ https://t.co/ug37n9eTJI,,
12/11/2018 12:32,I love this I am seriously a different size in every store,,
12/11/2018 12:00,There getting Rapped Up for our Holiday Fun so Keep Watching #25DaysOfChristmas/#25Days in the #DisneyNOW App and O‚Ä¶ https://t.co/MtX9pOATNj,,
12/11/2018 7:18,#KohlsCash  #GiveJoyGetJoy and #GiveKohlsCozy!,,
12/11/2018 5:18,Hey #Kohls something is not right here... #Vikings or #Ravens https://t.co/QtxzEkTiIM,,
12/11/2018 5:05,Silly me had to take a selfie with the giant #moose while shopping at #kohls tonight. https://t.co/zTlSiIywj8,,
12/11/2018 2:39,Check out the math on my Kohl's order #math #CrazyReceipt #KohlsCash #Kohls #wheredidmymoneygo https://t.co/kkUgfh20C2,,
12/11/2018 2:32,The first #Kohls department store opened in 1962 and has since grown to be a large retailer of fashion &amp; home bran‚Ä¶ https://t.co/gpI7ySkyWM,,
12/11/2018 2:26,@MayorDasMoose playing Santa Moose at #Kohls? https://t.co/mhcmJ4BGqM,,
12/11/2018 2:23,#Kohls #clearance in just one click https://t.co/a6pWc8IMBO check out the awesome #Deals,,
12/10/2018 23:50,Yasss!! Thanks to @influenster I was able to get these great stocks from #Kohls with my #kohlscash it's a fine time‚Ä¶ https://t.co/P7D6qxVnYS,,
12/10/2018 23:34,Got these on sale at #Kohls plus used my Kohls cash they were only $13 @bhcosmetics #makeupbrushes @Kohls https://t.co/tQdHtuKtbR,,
12/10/2018 23:08,#kohls shipped my wife‚Äôs package to wrong address. Won‚Äôt fix the problem.  Happy Holidays. Will be cancelling the a‚Ä¶ https://t.co/u6Hc2EMr3Z,,
12/10/2018 23:07,Getting to wrap Jeremy's Christmas pig. I have a feeling it will be a big hit!,,
12/10/2018 22:54,#Kohls was cool metal detector that didnt work is returned.... waited almost 4 hours at social security office...‚Ä¶ https://t.co/H7y4tGEc4b,,
12/10/2018 22:08,Actual goals though. #kohls knows my dream job! #stayathomedogmom #mug https://t.co/Wj3X03qqhT https://t.co/7CAvJQiQdf,,
12/10/2018 21:37,@Kohls I just had to leave the store w/out purchasing a cartful of ish because the wait was way too long. Come on m‚Ä¶ https://t.co/hZf4hD1t3J,,
12/10/2018 21:19,Cuisinart Griddler Five with LCD Display - $59.49 Shipped + $10 Kohl's Cash #kohls https://t.co/zvVuiPNe4v,,
12/10/2018 20:52,Cant believe Im finally gonna try one of these babies! So excited thanks @Influenster #GiveJoyGetJoy #KohlsCash‚Ä¶ https://t.co/zH15Okw46F,,
12/10/2018 20:30,Your Sanity-Saving Shopping Guide to the Holiday Season: https://t.co/30DkCwaxbI @Kohls #kohls #ad https://t.co/pQJIzDi4sk,,
12/10/2018 20:18,Being fluent in other languages besides English is so funny! The inside jokes are HILARIOUS! I.e. y‚Äôall ever see th‚Ä¶ https://t.co/wJ5kSpSBYb,,
12/10/2018 20:03,#GiveJoyGetJoy Thank you to #Kohls for sending a complimentary 10$ in Kohls Cash. I was able to get this toaster ov‚Ä¶ https://t.co/sybtxxWyu4,,
12/10/2018 19:55,@Kohls recently donated $10000 to the Aspire Foundation!!  The money will be used to purchase a new lift van!!  Th‚Ä¶ https://t.co/ANeZuK5i3M,,
12/10/2018 19:30,Cant believe Im finally gonna try one of these babies! So excited thanks @Influenster #GiveJoyGetJoy #KohlsCash‚Ä¶ https://t.co/1GXYscDE3T,,
12/10/2018 19:20,Got my kozy galaxy scarf from #kohls !! great stocking stuffers!!! Thank you Kohls!! #GiveKohlsCozy #GiveJoyGetJoy‚Ä¶ https://t.co/QcWB8Fxtsm,,
12/10/2018 18:07,For #Kohls #clearance in just one click https://t.co/a6pWc8IMBO check out the awesome #Deals,,
12/10/2018 17:46,Cuisinart Air Fryer Toaster Oven Combo - $118.99 Shipped + $20 Kohl's Cash #kohls https://t.co/WA0J2wVWM0,,
12/10/2018 17:46,KitchenAid 5-Quart Artisan Stand Mixer - $178.49 Shipped + $30 Kohl's Cash #kohls https://t.co/OorJsxGeHX,,
12/10/2018 17:09,Pinned to The Best of Honest &amp; Truly! Blog Posts on @Pinterest: How to make Amazon returns at Kohls to get a 25% Ko‚Ä¶ https://t.co/4YAGWFIDzt,,
12/10/2018 16:36,Out shopping this weekend @Kohls and love the #Selfie moose! üòä #Kohls #KCMO https://t.co/M3e0H4QJU9,,
12/10/2018 16:13,I have #Kohls cash free mvc shipping,,
12/10/2018 15:09,How to you REWARD you‚Äôre LOYAL Customers?,,
12/10/2018 15:08,The best gifts come from #Kohls ‚ù§Ô∏è https://t.co/kwtw94KG0G,,
12/10/2018 14:30,Check out KOHL'S GLAZED CERAMIC TISSUE BOX COVER - SUSSEX - Retailed for $44.99 - PRETTY! #Kohls https://t.co/xtyKXLQUoQ via @eBay,,
12/10/2018 12:50,Check out Christmas Gift St Nicholas Square Warm Wishes Set Of 4 Spreaders Kohls Snowman  #Kohls https://t.co/wsRIo9CLwL via @eBay,,
12/10/2018 12:36,I. Can‚Äôt. Even. @Kohls #kohls #üôÑ https://t.co/Bgt7Gfb5YK,,
12/10/2018 7:25,So good I had to share! Check out all the items I'm loving on @Poshmarkapp #poshmark #fashion #style #shopmycloset‚Ä¶ https://t.co/KzA0nbTukW,,
12/10/2018 6:16,going to do the try to sleep thing #sleep will go to #kohls tomorrow and tae back this metal detector that doesn't work ..#GodBless,,
12/10/2018 2:31,Hmm...was looking at a Kohl‚Äôs catalog and saw this guy...is it @ColinJost or his #doppelganger ?!  ü§£ #colinjost‚Ä¶ https://t.co/H6oIzdu185,,
12/10/2018 2:23,#Kohls #clearance in just one click https://t.co/a6pWc8IMBO check out the awesome #Deals,,
12/10/2018 1:32,our outfits accidentally matched so we took some pics for the latest #kohls catalogue https://t.co/sb70QJMHQZ,,
12/10/2018 1:06,I just noticed we play this wild life in the store @thiswildlife #kohls,,
12/10/2018 0:09,Hudson #FloridaMan comes to #Kohls store for job interview steals shoes on way out,,
12/9/2018 23:01,Life's short: eat dessert first.,,
12/9/2018 22:38,#Florida man arrested for shoplifting at #Kohls after job interview... his interview at #macys has been delayed 6 m‚Ä¶ https://t.co/SFRgaiBzcp,,
12/9/2018 22:27,#Florida man arrested for shoplifting at #Kohls after job interview... did he add brand loyalty to his resume? https://t.co/z8dv8G2qJX,,
12/9/2018 21:48,Looking at my kohl‚Äôs Christmas catalog and it appears an SNL cast has a side job lol..could have sworn at first loo‚Ä¶ https://t.co/RlWlXAddxg,,
12/9/2018 21:27,I found this in an old email draft #volunteering #kohls https://t.co/o1h7WHS2Bx https://t.co/lPg2je3zGM,,
12/9/2018 20:53,@HollisDockins @RonCunningham @Whiskey100Proof @davidf4444 @Sim427 @UnusSupra32 @RichSchneider6 @MackinMelanie‚Ä¶ https://t.co/2rCcWwlO4E,,
12/9/2018 20:30,Wellness should be accessible to everyone! #Kohls is bringing today's top #wellness tools to the masses all in one‚Ä¶ https://t.co/bPm12u4h37,,
12/9/2018 19:52,I'm beyond furious. I ordered sweaters online and picked up in store.  After 1 hour of fighting traffic I got home‚Ä¶ https://t.co/bDN49N7IP3,,
12/9/2018 19:26,#Kohls @Kohls Got what I needed and didn't have to spent a lot for it.  Thanks for Kohl's cash,,
12/9/2018 18:55,@mommydumax @Kohls Following up to see if #kohls has ever come through....,,
12/9/2018 18:39,Steer clear of #Kohls as they are severely lacking in Customer Service and Satisfaction in comparison to Amazon or‚Ä¶ https://t.co/CrksLzyNS9,,
12/9/2018 18:06,For #Kohls #clearance in just one click https://t.co/a6pWc8IMBO check out the awesome #Deals,,
12/9/2018 18:00,.@DaphneOz has all the helpful tips to making gift-giving special this holiday season #Kohls #ad https://t.co/GfZdKNvwfG,,
12/9/2018 18:00,FREE PICTURE with Santa at particpating Kohl's store TODAY!!,,
12/9/2018 17:10,Thank you @Influenster @Kohls  for this incredible hoodie that I am able to keep warm at work! #KohlsCozyCash‚Ä¶ https://t.co/wKlZnxKi0X,,
12/9/2018 16:54,Check out KOHL'S GLAZED CERAMIC TISSUE BOX COVER - SUSSEX - Retailed for $44.99 - PRETTY! #Kohls https://t.co/xtyKXLQUoQ via @eBay,,
12/9/2018 15:04,Awee no way! Did not know that...Respect to the retail King üëë! Thanks #KohlsCash #Kohls https://t.co/6kYBZWswlM,,
12/9/2018 14:30,Went to Kohl‚Äôs and they gave me this FREE awesome ornament... you should totally go and get one. üòÇ #humor‚Ä¶ https://t.co/HrRbouzx6W,,
12/9/2018 13:45,Kohl's Big Sale + Free Kohl's Cash + 30% off &amp; Free Shipping for Cardholders #kohls https://t.co/5u7UAWxdtg,,
12/9/2018 4:55,Hey... #Kohls store in Hiram GA... these (below) are NOT shopping carts... they are laundry hampers with kiddie sea‚Ä¶ https://t.co/i1cWDKCVQu,,
12/9/2018 2:22,#Kohls #clearance in just one click https://t.co/a6pWc8IMBO check out the awesome #Deals,,
12/9/2018 0:20,Had make an exchange at @Kohls for a defective button on new jeans I had no receipt and was concerned. This was ho‚Ä¶ https://t.co/QGgYkWaTjI,,
12/8/2018 22:44,Should out to @Kohls for your outstanding customer service. Handled a damaged order replacement call in 5 minutes f‚Ä¶ https://t.co/n22nrz59hO,,
12/8/2018 22:25,#kohls #givejoygetjoy influenster https://t.co/2S5342fPdE,,
12/8/2018 20:51,Titi duties with Princess Peach ü•∞,,
12/8/2018 20:45,Is it just me that thinks this reads ‚Äú80 Grandkids‚Äù? #kohls https://t.co/fI04eAMhbq,,
12/8/2018 20:40,Got the option to return an item purchased on #Amazon at a #Kohls brick and mortar.,,
12/8/2018 20:34,Check out KOHL'S GLAZED CERAMIC TISSUE BOX COVER - SUSSEX - Retailed for $44.99 - PRETTY! #Kohls https://t.co/xtyKXLQUoQ via @eBay,,
12/8/2018 18:43,Check out Kohl's Character LOT Plush Stuffed Animal CLIFFORD Disney MIKE Rio Frog Pluto ++ #Kohls https://t.co/kf3SMkue6E via @eBay,,
12/8/2018 18:27,Kohl‚Äôs exclusive Flocked Fwooper is back up!,,
12/8/2018 18:27,Check out 8 Kohl's WILD ANIMAL LOT Plush Stuffed Kangaroo Elephant Ape Leopard Giraffe ++ #Kohls https://t.co/2eNDgYvFTa via @eBay,,
12/8/2018 18:07,For #Kohls #clearance in just one click https://t.co/a6pWc8IMBO check out the awesome #Deals,,
12/8/2018 17:58,Christmas Elf Earflap Beanie Ski Hat One Size  #Kohls #Ski https://t.co/UnnMw1bL5G via @eBay,,
12/8/2018 17:56,Yep our annual Christmas card was taken at #kohls #merrychristmas #siblings #autismlife #lovemykids https://t.co/OuNh63vY0C,,
12/8/2018 17:30,Kohl‚Äôs coupons &amp; promo codes: Save $10 on a $50 purchase plus an extra 25% off https://t.co/26HU0VcaP6,,
12/8/2018 16:54,Check out 8 Kohl's Character LOT Plush Stuffed Animal Little Critters Brother T Bone Moose #Kohls https://t.co/AlKP13TwJj via @eBay,,
12/8/2018 16:47,Check out Kohl's CLIFFORD the Big Red Dog Lot CLEO T BONE Plush Stuffed Animals Toys Set #Kohls https://t.co/0cvjK4Klxp via @eBay,,
12/8/2018 16:42,@Kohls flagged my acct as fraud.  I called and they can't verify my phone number I've had for 15 YEARS. So I won't‚Ä¶ https://t.co/0jmAzoLFzQ,,
12/8/2018 14:04,Last Day! Kohl's Friends &amp; Family Sale: Up to 70% off + 25% off + $10 off $50 #kohls https://t.co/kyZCUR5tRn,,
12/8/2018 13:50,@Kohls can‚Äôt provide us with a new system because they are out of stock but yet there website shows them in stock o‚Ä¶ https://t.co/6S1K0Na7XX,,
12/8/2018 13:48,#TrebleClef #ChristmasOrnament. Shiny silver tone Music Note with sparkly crystal accents. #christmastreeornaments‚Ä¶ https://t.co/2JJzWUCmTs,,
12/8/2018 13:35,Shipment of candles from Kohls.  What's wrong with this picture? Really Kohls.  #kohls #poorcustomerservice https://t.co/7bJKQWxRIV,,
12/8/2018 12:46,JUST TAKE MY MONEY #KOHLS !!!!!! @ Kohl's https://t.co/9Fmb4r5G5V,,
12/8/2018 11:26,So good I had to share! Check out all the items I'm loving on @Poshmarkapp from @giannamariee__ #poshmark #fashion‚Ä¶ https://t.co/QamxGwZg7X,,
12/8/2018 8:40,Check out NEW-34PC-Christmas-Train-Set-North-Pole-Junction-Xmas-Holiday-Toy-Model-1003442  #Kohls https://t.co/bIjli2PJOA via @eBay,,
12/8/2018 4:19,Steal of a deal clearance at Kohl‚Äôs $5.80 #purcosmetics #mylittlepony #clearancefinds #kohls https://t.co/F6eASwnIhj,,
12/8/2018 2:22,#Kohls #clearance in just one click https://t.co/a6pWc8IMBO check out the awesome #Deals,,
12/8/2018 1:25,So good I had to share! Check out all the items I'm loving on @Poshmarkapp from @gayboyjon #poshmark #fashion‚Ä¶ https://t.co/nUgfaZXaaS,,
12/8/2018 1:20,‚Ä¢CHRISTMAS MUSIC IS OFFENSIVE: PART ll‚Ä¢ #christmasmusic #christmas #Jesus #olittletownofbethlehem‚Ä¶ https://t.co/1mxvOoSTY9,,
12/7/2018 23:43,Check out NEW-34PC-Christmas-Train-Set-North-Pole-Junction-Xmas-Holiday-Toy-Model-1003442  #Kohls https://t.co/HmI56POylF via @eBay,,
12/7/2018 23:21,new favorite holiday sweater! #voxbox #influenster #kohls https://t.co/9exTsryn24,,
12/7/2018 23:08,@daphneoz chasing #kohls #kohlscash to celebrate the holidays and the @kohls popup shop at oculuswtc photo by‚Ä¶ https://t.co/NZCtv3v9br,,
12/7/2018 23:06,@daphneoz poses with serious Kohl‚Äôs fashion during  #kohls #kohlscash to celebrate the holidays and the @kohls‚Ä¶ https://t.co/b6NWhtNBDg,,
12/7/2018 23:05,How To Return Amazon Purchases At Kohl's. Did you know this is a thing??? https://t.co/CLeO6QMvfI #howto #amazon‚Ä¶ https://t.co/b1wd6Hx5GY,,
12/7/2018 23:04,@daphneoz and #SantaClaus  give out chances to win #kohls #kohlscash to celebrate the holidays and the @kohls popup‚Ä¶ https://t.co/TojcE1x25t,,
12/7/2018 23:01,@daphneoz chasing #kohls #kohlscash to celebrate the holidays and the @kohls popup shop at oculuswtc https://t.co/8lriim5fWH,,
12/7/2018 22:38,Kohls on line is the worst place to ever shop !!!!  Do not shop online with them . Shame on you Kohls #kohls,,
12/7/2018 20:58,Highly #annoyed with @Kohls and their useless #offers. The #Holiday25 and #25Mobile offers exclude pretty much EVER‚Ä¶ https://t.co/GfJcvhLMEZ,,
12/7/2018 19:55,@OhThatMegs Sorry best I could do. No U‚Äôs...So I couldn‚Äôt spell butt or plug. Disappointed #kohls Was gonna do ass‚Ä¶ https://t.co/eIxZW0r5Dv,,
12/7/2018 18:06,For #Kohls #clearance in just one click https://t.co/a6pWc8IMBO check out the awesome #Deals,,
12/7/2018 17:13,$10 &amp; Under Stocking Stuffers for Kids: Up to 70% off + Take an Extra 25% off #kohls https://t.co/diGurodmWq,,
12/7/2018 17:02,That's a big boy right there folks #reindeer #kohls #shopping #holidays #funn https://t.co/RTnec7E7Fi,,
12/7/2018 16:28,Check out KOHL'S GLAZED CERAMIC TISSUE BOX COVER - SUSSEX - Retailed for $44.99 - PRETTY! #Kohls https://t.co/xtyKXLQUoQ via @eBay,,
12/7/2018 15:44,Check out Classy SW Native Design 3-PC Faux Turquoise 18‚Äù Necklace/8‚Äù Bracelet/Earrings #Kohls https://t.co/e7qc4vaajk via @eBay,,
12/7/2018 15:01,#Kohls have no idea how to treat a customer on phone support.  Worst experience ever. Still not solved. @kohls,,
12/7/2018 13:40,Skull Storage Cabinet. Sideboard with rivets and skull and bones knobs. Subtle goth look. #skull #storage #cabinet‚Ä¶ https://t.co/gTymP4poje,,
12/7/2018 11:21,Thanks #influenster and #kohls for the FREE $10 #kohlscash. Just LOVE Kohl's and needed some socks for the hubby!‚Ä¶ https://t.co/MdZaH4aCZD,,
12/7/2018 10:51,Purchased a KitchenAid Mixer on November 26th. Kohl‚Äôs sent an email same day saying it was shipped. Now when you lo‚Ä¶ https://t.co/wMoMUhdBzi,,
12/7/2018 10:27,So good I had to share! Check out all the items I'm loving on @Poshmarkapp #poshmark #fashion #style #shopmycloset‚Ä¶ https://t.co/zpecFNzp5P,,
12/7/2018 9:53,@Kohls @DaphneOz I would spend my kohl‚Äôs cash on clothes for my 4 year old! #Kohls #KohlsCash,,
12/7/2018 6:40,love love love! best denim hoodie ive ever owned and ive had PLENTY. recommend to everyone. true to size. bought on‚Ä¶ https://t.co/WV0pVKoMg5,,
12/7/2018 6:37,love love love! best denim hoodie ive ever owned and ive had PLENTY. recommend to everyone. true to size. bought on‚Ä¶ https://t.co/g80TqtxUTF,,
12/7/2018 5:32,Check out Cat Photo Holders St Nicholas Square Holiday Christmas Santa Gift Set of 3 Kohls #Kohls https://t.co/XiPfR32htt via @eBay,,
12/7/2018 4:26,So good I had to share! Check out all the items I'm loving on @Poshmarkapp from @giannamariee__ #poshmark #fashion‚Ä¶ https://t.co/m3qLiy2uhV,,
12/7/2018 3:39,@Kohls Not to mention I have more rewards to use for spending over $500 last month In two weeks. This is how you ge‚Ä¶ https://t.co/9IXra0yCNd,,
12/7/2018 3:24,Check out Kohl's Tree Camo  Soft Brushed Fleece Lounge Pants Men's Size Large  #Kohls #LoungePants https://t.co/ICioudtOJn via @eBay,,
12/7/2018 2:22,#Kohls #clearance in just one click https://t.co/a6pWc8IMBO check out the awesome #Deals,,
12/7/2018 1:25,So good I had to share! Check out all the items I'm loving on @Poshmarkapp #poshmark #fashion #style #shopmycloset‚Ä¶ https://t.co/zZ8W2d1Orn,,
12/6/2018 22:58,Kohl's used to always send an anniversary coupon in the amount of how many years you've had a Kohl's charge. 10 yrs‚Ä¶ https://t.co/MG7cdJ9pi1,,
12/6/2018 21:49,@Kohls you send me multiple emails a day but conveniently (for you) don't email reminding me that my $30‚Ä¶ https://t.co/7UDNuZJyfv,,
12/6/2018 18:37,Today's Consumer Sector focused chart pack.,,
12/6/2018 18:29,I‚Äôm so angry!! $55 of kohl‚Äôs cash to use and they give you one week to use it.  Went to spend more there today only‚Ä¶ https://t.co/YSHdS9C5Ye,,
12/6/2018 18:26,Not maternity section. Not summer. #Whatisgoingon #confused #kohls https://t.co/ROcQBomElQ,,
12/6/2018 18:20,Belle Maison Holiday Gift Mugs Over 20 Styles - $5.24-$7.74 + Free S&amp;H on $25 #kohls https://t.co/PJt6mAcPuV,,
12/6/2018 18:07,For #Kohls #clearance in just one click https://t.co/a6pWc8IMBO check out the awesome #Deals,,
12/6/2018 17:35,"Great article about @Kohls being the ""turnaround of the year."" -- Why? New partnerships has driven shoppers to stor‚Ä¶ https://t.co/jGXzaqYxiN",,
12/6/2018 16:37,@Kohls highest level of customer service my ass!! üò†üò°üò†,,
12/6/2018 15:43,Check out Kohls DR SEUSS Plush Lot SNEETCHES Alligator Cat Horton GREEN BIRD Monkey ++ #Kohls https://t.co/18NnmBDxWi via @eBay,,
12/6/2018 15:14,Check out KOHLS PLUSH LOT Eric Carle Some TAG Elmo PATCH Eeyore Dumbo Plush Stuffed Animal #Kohls https://t.co/LhCdASfyzY via @eBay,,
12/6/2018 14:43,New York you‚Äôre invited! Get great gifts,,
12/6/2018 14:32,Check out KOHL'S GLAZED CERAMIC TISSUE BOX COVER - SUSSEX - Retailed for $44.99 - PRETTY! #Kohls https://t.co/xtyKXLQUoQ via @eBay,,
12/6/2018 13:36,Check out Kohl's Silver Tone 3 Reindeer Candle Stick Holder Taper Large Antlers  #Kohls https://t.co/qrSQWEwmxh via @eBay,,
12/6/2018 13:23,@KimKardashian As long as you use the media to keep your brand A-List which pushes your merchandise perfumes and c‚Ä¶ https://t.co/YuwXYy5KLp,,
12/6/2018 11:15,Never ordering from @Kohls‚Äô website again.  Never been so stressed ordering things from a site.,,
12/6/2018 7:25,I made out like a bandit at #kohls this evening! 3 blouses (1 candies top) &amp; 2 pair of shorts for $4.27!! üëÄ how you‚Ä¶ https://t.co/vugGGxmEjP,,
12/6/2018 3:55,I‚Äôve lost weight so none of my jeans fit good.I went from a 17 to 13 in juniors! üôåüèª,,
12/6/2018 3:51,YASSSSS I  got my #GiveJoyGetJoy from #Kohls love my Authentic American Heritage socks #GiveKohlsCozy #KohlsCash https://t.co/b7aQwP40Iz,,
12/6/2018 3:12,@silver_fox9 @Kohls @KohlsNews Apparently one must be a driver to shop at #Kohls.  @KohlsNews,,
12/6/2018 2:22,#Kohls #clearance in just one click https://t.co/a6pWc8IMBO check out the awesome #Deals,,
12/6/2018 2:10,Casual yet Chic #holidayoutfitidea turtleneck Apt9 blazer @JLo Jean's @rockandrepublic all fr @Kohls #kohls Afforda‚Ä¶ https://t.co/UMALAslM6B,,
12/5/2018 23:00,Come on @Kohls I ordered my luggage received the wrong item,,
12/5/2018 22:44,#kohls quote of the day...,,
12/5/2018 21:23,#kohls online pickup ridiculous,,
12/5/2018 20:59,Yeah buddy! Just used my free Kohl's cash from @influenster for what little cuddly and warm Christmas presents I ca‚Ä¶ https://t.co/yJsicKt2nZ,,
12/5/2018 20:50,I left a #Kohls store.,,
12/5/2018 20:48,Ridiculous! As much money as I spend in @Kohls üôÑüôÑüôÑüôÑ #kohls they had the nerve to mail shoes with security tags on i‚Ä¶ https://t.co/YGP5QxDKa2,,
12/5/2018 20:42,#kohls @kohls will not accept my passport!!!! only a Driver's licences.  Do you know what it takes to get a passpor‚Ä¶ https://t.co/QThAGVCbkX,,
12/5/2018 19:26,The gifts from the #Kohls Holiday Pop-Up are all we want to shop right now. https://t.co/LbsAnd2UXK,,
12/5/2018 19:13,$10 and Under Gift Ideas: Up to 80% off + an Extra 25% off + Earn Kohl's Cash #kohls https://t.co/zOOoX4PlKw,,
12/5/2018 18:24,#Kohls sucks.  They couldn't track my order.  On Friday a supervisor PROMISED PROMISED,,
12/5/2018 18:07,For #Kohls #clearance in just one click https://t.co/a6pWc8IMBO check out the awesome #Deals,,
12/5/2018 18:00,Going to be in NYC December 6th and 7th? Visit @Kohls #GiveJoyShop and step into our larger-than-life snow globe fo‚Ä¶ https://t.co/VgYBLWH3Cj,,
12/5/2018 17:44,@SaraCivian That is how I got my wife! In 1985 I signed her to a 70 year300,,
12/5/2018 16:23,Thanks for ruining my morning with your ‚Äúglitch‚Äù charges @Kohls. It‚Äôs been a fun 2 weeks placing an order with you.‚Ä¶ https://t.co/SqYjJZBOx4,,
12/5/2018 13:15,I am loving my new foil eyes pallete merry christmas to me!‚ù§üéÅüéÑ thank you @Influenster and @kohls,,
12/5/2018 12:43,@kohls is no winner to me. It removed items from my cart at checkout saying they were no longer available.  I lite‚Ä¶ https://t.co/Fp2AWu8VWU,,
12/5/2018 11:08,#Kohls your Kohl‚Äôhttps://t.co/TFOZefOq9f customer service is terrible. Please invest in the call back feature when‚Ä¶ https://t.co/gtGKfKx6Ih,,
12/5/2018 8:31,So good I had to share! Check out all the items I'm loving on @Poshmarkapp from @Jnc650closet #poshmark #fashion‚Ä¶ https://t.co/vIpRzjSaP6,,
12/5/2018 7:32,Check out Mother-of-Pearl &amp; Crystal Silver-Plated Necklace &amp; Drop Earring Set  #Kohls https://t.co/7Svq5jq1X8 via @eBay,,
12/5/2018 7:13,I snagged some #verawang sheets on #blackfriday for $50 at #kohls and I'm #inlove. #spoiled #heaven #holidays,,
12/5/2018 4:53,How to use #Kohls coupons: 6 hacks to know before you shop! üõí https://t.co/h4fV3y4Yrf https://t.co/rgzI0OpMhj,,
12/5/2018 4:10,Snap a #free #picture with #Santa this #weekend at #KOHLS üéÖüéÑ,,
12/5/2018 2:56,Score for the perfect gift for my dino loving kiddo! #kohls #influenster #kohlscash https://t.co/KnqvXweIah,,
12/5/2018 2:47,Lovin my new warm fuzzy slippers. Hugs to #Influenster &amp; #Kohls for my gift!,,
12/5/2018 2:22,#Kohls #clearance in just one click https://t.co/a6pWc8IMBO check out the awesome #Deals,,
12/5/2018 2:13,love this Noel ladder #kohls #givejoy https://t.co/M5sDpQr1zD,,
12/4/2018 23:27,So good I had to share! Check out all the items I'm loving on @Poshmarkapp from @TMDClearance #poshmark #fashion‚Ä¶ https://t.co/gN9r4LvuhB,,
12/4/2018 22:50,@Kohls part of me order was cancelled despite the item still being in stock on the website.  This order was because‚Ä¶ https://t.co/ukQxg8912s,,
12/4/2018 22:28,So good I had to share! Check out all the items I'm loving on @Poshmarkapp #poshmark #fashion #style #shopmycloset‚Ä¶ https://t.co/IEu1idtxPG,,
12/4/2018 22:24,A little gift to myself this Christmas from @Kohls using my KohlsCash from @influenster. Adidas is my all time favo‚Ä¶ https://t.co/HUcTkvIifL,,
12/4/2018 22:00,On days I don‚Äôt have to wear blazers ;) #kohls #lovemesomesweaters #hellowinter https://t.co/lfPSUybxJs,,
12/4/2018 21:35,Thank you #Influenster I revived these free to review through their #KohlsCash virtual voxbox one was broken and‚Ä¶ https://t.co/5APStfyB7z,,
12/4/2018 21:30,The Big One solid bath towels under $3 at Kohl's: https://t.co/mfNyDseM53 #Kohls #deals https://t.co/bqplSx0MkE,,
12/4/2018 20:33,Check out 9 KOHLS Plush CHARACTER Lot Blue PARROT Octopus SNOOPY Woodstock Elephant + Toys #Kohls https://t.co/5Pd7MgR4yQ via @eBay,,
12/4/2018 20:24,Huggle Hoodie As Low As $10.24 At Kohl's (Usually $49.99!) https://t.co/H9Y73zkqvy #kohls,,
12/4/2018 20:19,Thank you influenster got comfy underwear saved 36.00 ! #kohls #got it free #influenster https://t.co/KH4abGlD6Z,,
12/4/2018 20:09,50% off St. Nicholas Square Trim-A-Tree Holiday Decor &amp; More + Extra 25% off #kohls https://t.co/RxUv6RC3ux,,
12/4/2018 18:54,Check out 9 KOHLS ANIMAL Plush Lot KANGAROO Chameleon Salina Yoon BEAR with TAG Moose ++ #Kohls https://t.co/W92Xza55SQ via @eBay,,
12/4/2018 18:40,Kohl‚Äôs Cuddl Duds Throw Blankets Only $15.93 (reg. $50) ‚Äì Today Only https://t.co/IFveekJYsb #kohls #kohlsdeals,,
12/4/2018 18:33,Check out Kohls DISNEY Plush CHARACTER Lot PLATYPUS Dumbo Eeyore PLUTO Patch Dalmatian Toy #Kohls https://t.co/yiJ8HAVl4w via @eBay,,
12/4/2018 18:22,Check out 9 KOHLS Plush CHARACTER Lot MADELINE Bumble Bee Curious George BOYNTON Dog ++ #Kohls https://t.co/15qhGnUrWL via @eBay,,
12/4/2018 18:06,For #Kohls #clearance in just one click https://t.co/a6pWc8IMBO check out the awesome #Deals,,
12/4/2018 17:45,Check out 10 KOHLS Plush CHARACTER LOT Snoopy Mouse COrduroy Teddy Mouse Moose Blue Bird + #Kohls https://t.co/vv8uXDW846 via @eBay,,
12/4/2018 17:34,Check out KOHLS Plush Lot ERIC CARLE Brown Bear MOOSE Disney PLATYPUS Lion Stuffed Animals #Kohls https://t.co/oAvikpTESW via @eBay,,
12/4/2018 17:30,Always in the mood for denim! Hope you are having and amazing day! #fashion #styleblogger #lotd #snakeskin‚Ä¶ https://t.co/lnra23qemr,,
12/4/2018 17:28,So good I had to share! Check out all the items I'm loving on @Poshmarkapp #poshmark #fashion #style #shopmycloset‚Ä¶ https://t.co/k15jivj8mU,,
12/4/2018 16:53,WEAR IT NOW! Silvertone Stylized Snowman Earrings-Hook Attachment #Kohls #DropEarrings #dangleearrings #snowman‚Ä¶ https://t.co/6wPUlRg3AU,,
12/4/2018 16:51,Happiness is finding the Kohl‚Äôs in Newark Delaware along the Pulaski Highway (40)! #ilovekohls #kohls #kohls üíóüíóüíó https://t.co/ymqaEWpSC1,,
12/4/2018 16:36,NO  CELL PHONE Zone at your business for Employees. https://t.co/n1opTHemLD  #CustomerService #Walmart #kohls‚Ä¶ https://t.co/gpgPHcQZ2q,,
12/4/2018 15:51,Check out KOHL'S GLAZED CERAMIC TISSUE BOX COVER - SUSSEX - Retailed for $44.99 - PRETTY! #Kohls https://t.co/xtyKXLQUoQ via @eBay,,
12/4/2018 14:47,@Kohls Will be posting all @kohls interactions on ALL my social media to bring attention to this matter with them p‚Ä¶ https://t.co/AMZ1ZhhAAz,,
12/4/2018 10:27,So good I had to share! Check out all the items I'm loving on @Poshmarkapp #poshmark #fashion #style #shopmycloset‚Ä¶ https://t.co/srxeKMnl1M,,
12/4/2018 3:34,‚ÄòWomen of NASA‚Äô LEGO set (found @ Kohl‚Äôs). #LEGO #WomenOfNASA #NancyGraceRoman #MargaretHamilton #SallyRide‚Ä¶ https://t.co/qsnAO3pYaA,,
12/4/2018 2:22,#Kohls #clearance in just one click https://t.co/a6pWc8IMBO check out the awesome #Deals,,
12/4/2018 2:05,New bedding always makes me happy. #throwpillows #quilt #purple #floral #kohls https://t.co/lrQnczMwOV,,
12/4/2018 1:37,You give #KOHLS your email for #DISCOUNTS &amp; #KOHLSCASH Will YOU Give Me YOURS?,,
12/4/2018 0:58,Keep a watchful eye out on your money -  card was used at #Walgreens two days ago and fraudulent charges appeared t‚Ä¶ https://t.co/qWAAbQtZJf,,
12/4/2018 0:26,So good I had to share! Check out all the items I'm loving on @Poshmarkapp #poshmark #fashion #style #shopmycloset‚Ä¶ https://t.co/7LoWVC2VA0,,
12/3/2018 21:18,Watching this #Kohls town hall meeting like why don't y'all pay your employees to you know,,
12/3/2018 19:42,9 Ways to Save More at Kohl's this Holiday Season.,,
12/3/2018 19:12,@Kohls upset ordered item,,
12/3/2018 19:10,On set with my baby.... #childmodel #minimodel #kohls #kidsfashion #stylishkids #fashion https://t.co/bgE2PezXez,,
12/3/2018 18:07,For #Kohls #clearance in just one click https://t.co/a6pWc8IMBO check out the awesome #Deals,,
12/3/2018 17:54,@Kohls So unhappy with #Kohls..longest shipping ever! Beware if you are ordering and expect delivery on time!,,
12/3/2018 17:51,Had a very bad experience with #Kohls online ordering. Location was set automatically and wanted me to pickup my order 45 minutes away!,,
12/3/2018 16:34,Hey @Kohls 1) something on my order was canceled and it took a day for you to notify me (I happened to log in to c‚Ä¶ https://t.co/c6E2B3cEWJ,,
12/3/2018 15:38,@SirKnighGalahad So any progress on your shopping dilemma concerning Kohls?,,
12/3/2018 15:30,Thanking EVERY Customers you do business with is what separates YOU from the COMPETITION. https://t.co/n1opTHemLD‚Ä¶ https://t.co/NNOpnkFt9M,,
12/3/2018 15:21,I am just loving my new sheets!!!!,,
12/3/2018 15:12,Good morning world! I teamed up with @kohls to give you guys some great tips for your day to day life. Happy holida‚Ä¶ https://t.co/WDKjOVY3AU,,
12/3/2018 14:43,Check out KOHL'S GLAZED CERAMIC TISSUE BOX COVER - SUSSEX - Retailed for $44.99 - PRETTY! #Kohls https://t.co/xtyKXLQUoQ via @eBay,,
12/3/2018 14:35,Men‚Äôs Urban Pipeline Relaxed Bootcut Jeans Only $6.36 (reg. $36)! https://t.co/Wntm7YuBFW #kohls #kohlsdeals,,
12/3/2018 14:06,Kohl's Flash Sale: 25% off + Extra 15% off Clothing &amp; Shoes Until 1pm EST #kohls https://t.co/OD5sAT7MVv,,
12/3/2018 13:40,2-pc. Maya Chaise &amp; Ottoman Set. Tufted velvet luxury. A glamorous lounge space for home or office. #chaise #lounge‚Ä¶ https://t.co/FlWYQlplN3,,
12/3/2018 12:56,Jeez @Kohls seems a lot of people are complaining about your company this holiday season #Christmas #kohls #online,,
12/3/2018 12:52,Looking for a new #StarWars shirt? #Kohls has you covered with this #DeathStar long sleeve t-shirt #HappyPlace https://t.co/ZsCYH5aCub,,
12/3/2018 5:28,Kohl's 3-Day Doorbuster Sale: Up to 83% off + Extra 25% off + Earn Kohl's Cash #kohls https://t.co/fIiyQ5kJci,,
12/3/2018 3:32,So good I had to share! Check out all the items I'm loving on @Poshmarkapp #poshmark #fashion #style #shopmycloset‚Ä¶ https://t.co/CGLu3hdkoL,,
12/3/2018 2:23,#Kohls #clearance in just one click https://t.co/a6pWc8IMBO check out the awesome #Deals,,
12/3/2018 0:49,Went #ChristmasShopping at #Kohls today and took a #selfie with the giant moose plushie üòÇü§™‚ô•Ô∏èüéÑ #Sunday #Adventures‚Ä¶ https://t.co/KHGwlukLgK,,
12/3/2018 0:26,So good I had to share! Check out all the items I'm loving on @Poshmarkapp #poshmark #fashion #style #shopmycloset‚Ä¶ https://t.co/4cEhHaM3BZ,,
12/3/2018 0:25,Thank you @Kohls for the gift cards from the #BlackFridaySweepstakes Your merchandise rocks,,
12/2/2018 23:40,Check out Kohl's Tree Camo  Soft Brushed Fleece Lounge Pants Men's Size Large  #Kohls #LoungePants https://t.co/ICioudtOJn via @eBay,,
12/2/2018 22:35,Iain having fun at #Kohls https://t.co/bzG8RTxwJo,,
12/2/2018 22:15,#kohls  #jacksonMi oy!  Is anyone even trained in the store?? Have never seen such lines! No wonder brick and morta‚Ä¶ https://t.co/hRUix4OQDl,,
12/2/2018 21:53,Thanks to my Black Friday shopping for the kids mommy got some new shirts jewelry and make up brushes with my‚Ä¶ https://t.co/YEmMDpjSEb,,
12/2/2018 21:41,‚Äòtis the season #LifeAtKohls #kohls https://t.co/HMox0iav21,,
12/2/2018 21:34,On hold yet AGAIN. And still nothing is accomplished üôÑ it‚Äôs too close to Christmas for this to keep happening. Less‚Ä¶ https://t.co/8WcANDHn2s,,
12/2/2018 20:57,@Kohls What's up @kohls its been 6 hours. I sent a DM. And still no reply. Getting screwed on my refund and no supp‚Ä¶ https://t.co/iBypyFDqp7,,
12/2/2018 19:30,#Santa is at #kohls,,
12/2/2018 19:08,#Kohls must use the same interior designer as the #WhiteHouse.,,
12/2/2018 18:34,Check out KOHL'S GLAZED CERAMIC TISSUE BOX COVER - SUSSEX - Retailed for $44.99 - PRETTY! #Kohls https://t.co/xtyKXLQUoQ via @eBay,,
12/2/2018 18:23,@Kohls I had excellent customer service today. My rep was able to price match stuff in my cart that went up in pric‚Ä¶ https://t.co/x6pigI9FYL,,
12/2/2018 18:07,For #Kohls #clearance in just one click https://t.co/a6pWc8IMBO check out the awesome #Deals,,
12/2/2018 16:15,Weekend Christmas scenes #mso #kohls #mke @ Milwaukee Symphony Orchestra https://t.co/47laVXooZn,,
12/2/2018 15:59,Check out KOHLS ANIMAL Lot x 8 Plush Dog LION Cow PUPPY Panda KANGAROO Elephant Wolf  #Kohls https://t.co/xGpV0T1C5O via @eBay,,
12/2/2018 15:53,Check out KOHLS Plush Lot Disney PLUTO ERIC CARLE Leopard with TAG and BROWN BEAR Eeyore  #Kohls https://t.co/TGqUsRbCS3 via @eBay,,
12/2/2018 15:31,If I ever say ‚ÄúI‚Äôm running into kohl‚Äôs‚Äù don‚Äôt believe for one minute I‚Äôll be out in less then 2 hours üòÇ #kohls‚Ä¶ https://t.co/pYquqsL4Rz,,
12/2/2018 15:04,Check out Christmas Gift St Nicholas Square Warm Wishes Set Of 4 Spreaders Kohls Snowman  #Kohls https://t.co/wsRIo9CLwL via @eBay,,
12/2/2018 6:23,The line at #Kohls today afternoon was almost as bad as it was on Black Friday.,,
12/2/2018 6:07,Cole at #Kohls https://t.co/jkv9dpUevE,,
12/2/2018 5:46,so it is a little scary that #kohls tag generates thousands of impressions   THouuuuusands         wish my books‚Ä¶ https://t.co/dLk9D6NmnE,,
12/2/2018 5:07,I got this Discovery Star Projection Alarm Clock from #Kohls. It projects a dazzling array of color-changing stars‚Ä¶ https://t.co/SQ80xhmqcK,,
12/2/2018 5:04,I got this Discovery Star Projection Alarm Clock from #Kohls. It projects a dazzling array of color-changing stars‚Ä¶ https://t.co/a5Dyw7HSRx,,
12/2/2018 4:31,So good I had to share! Check out all the items I'm loving on @Poshmarkapp #poshmark #fashion #style #shopmycloset‚Ä¶ https://t.co/PrHHGoN2Pm,,
12/2/2018 2:26,So good I had to share! Check out all the items I'm loving on @Poshmarkapp from @doolin_lori @Lizz44715154‚Ä¶ https://t.co/21NXy6g3TG,,
12/2/2018 2:23,#Kohls #clearance in just one click https://t.co/a6pWc8IMBO check out the awesome #Deals,,
12/2/2018 2:08,Dec 1 I guess we can get in the xmas spirit... it was free! Thanks #kohls @kohls @ Westchester,,
12/2/2018 1:28,@DaisyFuentes @chrissyteigen I really miss buying your plus size clothes at #kohls ‚òπÔ∏è.  Especially at Christmas!  W‚Ä¶ https://t.co/fmtwNUM587,,
12/2/2018 0:24,Thanks so much to #Influenster and #Kohls for the free Kohl's Cash! I was able to score some much needed make-up fo‚Ä¶ https://t.co/tizVSlvrQD,,
12/1/2018 23:29,Waiting on Veronica. #selfie #kohls #shopping https://t.co/LjnbM1Ixp0,,
12/1/2018 23:10,Kohl‚Äôs is such and underrated place to shop! #Kohls,,
12/1/2018 21:11,love my new shirt #kohls #influenster https://t.co/BrZ1Z8vkqD,,
12/1/2018 20:08,Disney Hooded Bath Wraps in 9 Style Choices - $8.99 with Free Shipping on $25 #kohls https://t.co/PNBjT1iOOB,,
12/1/2018 20:05,Just had the #worst experience with @Kohls customer support... 45 mins on call with a transfer mid-conversation &amp; t‚Ä¶ https://t.co/p7TxhUKKc5,,
12/1/2018 19:55,#kohls shopping n fun https://t.co/0OajK8q4EH,,
12/1/2018 18:23,@kohls can I use my Kohl's cash for this? #kohls #mooseselfie #mooseontheloose @ Kohl's https://t.co/kZq2i02g4R,,
12/1/2018 18:06,For #Kohls #clearance in just one click https://t.co/a6pWc8IMBO check out the awesome #Deals,,
12/1/2018 17:40,Thank you @influenster for my #VirtualVox The $10 #KohlsCash was perfect for #GiveJoyGetJoy #GiveKohlsCozy The Mine‚Ä¶ https://t.co/pQ1vfjPTzL,,
12/1/2018 17:31,Building up my #husband #points. #kohls and #bathandbodyworks with the wifey.,,
12/1/2018 17:24,I recieved complementary $10 @Kohls cash thanks to @Influenster #KohlsCash #GiveJoyGetJoy #GiveKohlsCozy #contest‚Ä¶ https://t.co/heYNKS0Zd9,,
12/1/2018 16:41,Check out KOHL'S GLAZED CERAMIC TISSUE BOX COVER - SUSSEX - Retailed for $44.99 - PRETTY! #Kohls https://t.co/xtyKXLQUoQ via @eBay,,
12/1/2018 16:31,Consumers spent $6.22 billion online by the end of Black Friday an increase of 23.6% Winners: #Amazon #Kohls‚Ä¶ https://t.co/Am2hvUn1JW,,
12/1/2018 14:51,Stop on by to @kohls in Elmhurst to see SantaüéÖ! From 1-3 December 12,,
12/1/2018 14:49,You'd think my favorite color was gray...,,
12/1/2018 14:38,"I think my favorite part of watching any Hallmark movie with a ""royal ball"" is checking out all the cheap ill-fitt‚Ä¶ https://t.co/cO35yVIshl",,
12/1/2018 7:12,"Join 3 people right now at ""Kohl's Friends &amp; Family Sale: Up to 70% off + Extra 25% off + Earn Kohl's Cash - FTM""‚Ä¶ https://t.co/6atLrKpcOF",,
12/1/2018 5:25,#kohls #whenmarketinggoeswrong #umm ü§î @ Menomonee Falls Wisconsin https://t.co/TE10GOuTGd,,
12/1/2018 5:23,Ladies and gentlemen: we got him #tcot #conservative #gop #maga #bush #georgebush #america #chilis #applebees‚Ä¶ https://t.co/BQkT78ftP0,,
12/1/2018 3:25,Kohl's Clearance Sale: Up to 70% off 1000s of Items + 25% off + Kohl's Cash #kohls https://t.co/12Hqg0bgNB,,
12/1/2018 2:25,WJM squad goals! #LifeAtKohls #Kohls #Store1041 https://t.co/EF6Bv5WVzk,,
12/1/2018 2:22,#Kohls #clearance in just one click https://t.co/a6pWc8IMBO check out the awesome #Deals,,
12/1/2018 0:56,#Kohls taught me 3 things today. 1)The online order parking space doesn't mean your order will be brought to you. 2‚Ä¶ https://t.co/L09qGqrG2z,,
11/30/2018 19:55,"@OPDOfcZipay @LivePdFans Our favorite game this year is WTF purchased at @Kohls \ud83c\udf32 https:\/\/t.co\/9EhOYB6n1V""display_text_range:[2581]",,
11/30/2018 18:23,"RT @asiandevine: And factory farming??? Bitches swearrrrrr they love animals as if your own country isn\u2019t in SHAMBLES because of the farmin\u2026""",,
11/30/2018 18:06,"RT @SethAbramson: 7\/ Oh man... this is just...delicious.\n\nPlease read the far-right Republican question below knowing that Jared Kushner a\u2026""",,
11/30/2018 17:40,"RT @SethAbramson: 2\/ You can't have a private and potentially privileged conversation with the target of a federal criminal investigation i\u2026""",,
11/30/2018 17:31,"why was alex from target a thing""",,
11/30/2018 17:24,"RT @RiickD: Going to Target &gt; Going to the club""",,
11/30/2018 16:41,"T @IronManRecords: Will you back Killing Kelly by George Galloway? Just \u00a316k to reach the minimum target and 18 days to go. You might pay\u2026""",,
11/30/2018 16:31,"RT @RashidaTlaib: A close friend in response to the alternative trip to @AIPAC's:  \""Be careful you don't want to become a target for them.\u2026""",,
11/30/2018 14:51,"RT @CPICfinance: The Best Technology for Fighting Climate Change Isn't a Technology - natural climate solutions can help us achieve 37 perc\u2026""",,
11/30/2018 14:49,"While I was out getting the last pieces of my brother's Christmas gift I saw this on sale at Target. It was only $\u2026 https:\/\/t.co\/B9za2szBwE""",,
11/30/2018 14:38,"T @SethAbramson: 3\/ BTW with respect to Trump's bogus \""conflict\"" claim(s) I love this insane idea that the *target* of a federal probe c\u2026""",,
11/30/2018 7:12,"RT @kobychill: white girls always look like they just walked out of a kohls""",,
11/30/2018 5:25,"RT @SethAbramson: 2\/ You can't have a private and potentially privileged conversation with the target of a federal criminal investigation i\u2026""",,
11/30/2018 5:23,"T @asiandevine: And factory farming??? Bitches swearrrrrr they love animals as if your own country isn\u2019t in SHAMBLES because of the farmin\u2026""",,
11/30/2018 3:25,"I really hope I\u2019m done babysitting before 10 so I can go to target and get a birthday present for a surprise party tomorrow oOOOF""",,
11/30/2018 2:25,"T @SethAbramson: 2\/ You can't have a private and potentially privileged conversation with the target of a federal criminal investigation i\u2026""",,
11/30/2018 2:22,"#Rudolph is back on cbs and I\u2019m not mad about it thanks @Target https:\/\/t.co\/lLjB0bWFNJ""display_text_range:[063]",,
11/30/2018 0:56,"T @ksorbs: Good grief Charlie Brown.  Don't atheists have anything better to do than to be offended by Nativity scenes? The rest of us ar\u2026""",,
1544317914,"Someone has a duck on a leash at @Kohls and I have a million questions""",,
1544317915,"I have not! This is a very interesting item and an excellent gift if anyone is looking to buy me anything...\u2026 https:\/\/t.co\/h71t3OFxaI""",,
1544317916,"RT @mog7546: #Kushner wooed by #Saudi prince and advisors one month after #Trump was elected: NYT\n\nKushner was considered a prime target ri\u2026""",,
1544317917,"RT @ksorbs: Good grief Charlie Brown.  Don't atheists have anything better to do than to be offended by Nativity scenes? The rest of us ar\u2026""",,
1544317918,"RT @trvisXX: Minneapolis see u tonight Target center""",,
1544317919,"RT @RiickD: Going to Target &gt; Going to the club""",,
1544317920,"\""rock chip sampling has returned up to 12% copper 2 grams per tonne gold 118g\/t silver 6% zinc 0.34% cobalt....\u2026 https:\/\/t.co\/IDXw2Ukz9s""",,
1544317921,"RT @trvisXX: Minneapolis see u tonight Target center""",,
1544317922,"RT @trvisXX: Minneapolis see u tonight Target center""",,
1544317923,"RT @SethAbramson: 2\/ You can't have a private and potentially privileged conversation with the target of a federal criminal investigation i\u2026""",,
1544317924,"RT @SethAbramson: 2\/ You can't have a private and potentially privileged conversation with the target of a federal criminal investigation i\u2026""",,
1544317924,"Reduce the stress of whether you will make your new 2019 target.  \nTake action - follow these four simple steps fro\u2026 https:\/\/t.co\/0Bvco7GL5F""",,
1544317925,"Welp. I was going to wait to buy Super Smash but I can\u2019t sit on the phone and listen to Will have this much fun any\u2026 https:\/\/t.co\/V7YwG3Glmz""",,
1544317926,"People quickly made Rasul Douglas the next target for heavy criticism after a few bad performances but the good has\u2026 https:\/\/t.co\/XXGz0p4RIo""",,
1544317926,"RT @GiveLuckyBack: @HowlHelp @chortletown @Msbmoran @carolyn525 @cheekykmk @SaviorOfAnimals @NYCASR @OliviaHusseyLA @Pascal7733 @BobHoldenN\u2026""",,
1544317927,"Atheists target Christmas Hanukkah displays \u2013 GOPUSA https:\/\/t.co\/aJKMRa8bMV""",,
1544317947,"Like getting free stuff?! Join #influenster and review all your favorite products and see what comes your way\ud83d\ude0d last\u2026 https:\/\/t.co\/PsaKPEiNfx""",,
1544318061,"I'm at @Kohls in Burleson TX https:\/\/t.co\/9dv48M1VbQ https:\/\/t.co\/I536F2Hkwi""display_text_range:[053]",,
1544318079,"RT @thenosweargamer: Wishbook Memories\nColeco Donkey Kong Mini Arcade\n1982 Sears Wishbook\n$59.99 or $154.80 after inflation!\nI always wante\u2026""",,
1544318180,"RT @TheRealLuq: Easy. Kohls cash.. big flip https:\/\/t.co\/SBgRyOVKfD""",,
1544318208,"Kohls Fuck of. Off fuck oh nevermind""display_text_range:[737]",,
1544318208,"@GeeKnee88 @Kohls I have been having the same issue. However they don\u2019t respond to the direct messages either so it\u2019s not even helpful.""display_text_range:[18136]",,
1544318243,"So @ChristianYelich was at Kohls today WHILE I was at work AND I MISSED HIM\ud83d\ude29""",,
1544318315,"Enter to win a $20 @kohls #giftcard in this #giveaway @SLM016.  https:\/\/t.co\/Z4Mh2OQv9R""",,
1544318351,"i would walk into kohls just to start a fight""",,
1544318373,"Some shopping at Kohl\u2019s today! \ud83c\udf81\ud83d\uded2 Got an amazing deal! \ud83d\ude0e\ud83d\udc4d! \ud83d\udc83\ud83c\udf89 I\u2019m so happy with purchase! I received $10 Kohl's Cas\u2026 https:\/\/t.co\/twVKl13A6C""display_text_range:[0140]",,
1544318520,"Destroyed the toilets at @Kohls https:\/\/t.co\/FpCe8lwxKK""display_text_range:[031]",,
1544318637,"@Kohls My kohlscash expired on the 5th!! I thought i'd get an app notification but nothing :( I have $150 of it! C\u2026 https:\/\/t.co\/8GOgOFisE9""",,
1544318762,"RT @Kohls: Retweet for a chance to win a $20 Kohl\u2019s e-Gift Card! 1000 winners selected TODAY ONLY! NO PURCH NEC. Ends 11\/26\/18. 50 US\/DC\u2026""",,
1544318841,"@Julie_HigherEd @Kohls Oh great! I hope you get your stuff!""display_text_range:[2359]",,
1544318965,"Aaaaaand I was told for the FOURTH time a case around be created and someone would get back to me. Seriously?!!\u2026 https:\/\/t.co\/98Dk7jOwQa""",,
1544319236,"@ejayy_4 kohls and old navy! Andrew and I got ours from Kohl\u2019s!""display_text_range:[963]",,
1544319266,"Blugolds are locked at 1 with @MU_Mens_Hockey after the 1st. \n\ud83d\udea8 - Dingmann\n\ud83c\udf4e's - Cooper Kohls https:\/\/t.co\/hkqusd0koi""display_text_range:[094]",,
1544319275,"@Kohls This was supposed to be a Christmas surprise. Didn\u2019t think it wouldn\u2019t literally SAY on the outside of the s\u2026 https:\/\/t.co\/vxrFr1EgtX""display_text_range:[0140]",,
1544319279,"RT @UWECHockey: Blugolds are locked at 1 with @MU_Mens_Hockey after the 1st. \n\ud83d\udea8 - Dingmann\n\ud83c\udf4e's - Cooper Kohls https:\/\/t.co\/hkqusd0koi""",,
1544319307,"Hey @Kohls you\u2019re missing a golden opportunity not marketing this as a chance to \u201cSleep with the \u05e1\u05d3\u05d9\u05df Twins\u201d https:\/\/t.co\/EBRBzk0jOl""display_text_range:[0108]",,
1544319513,"Kohl's Surprise Saturday Holiday Sale with Kohl's Cash and Coupons is Today https:\/\/t.co\/yGyh76ZMMd""",,
1544319715,"RT @TheRealLuq: Easy. Kohls cash.. big flip https:\/\/t.co\/SBgRyOVKfD""",,
1544319967,"@DuchessOfCrazy @Kohls Coo coo box lol it \u201csuits\u201d you it\u2019ll support your frail frame \ud83d\ude04""display_text_range:[2386]",,
1544320102,"Super excited to go pick these up from my local @Kohls. I only spent .20\u00a2 on these goodies thanks to  #kohlscash f\u2026 https:\/\/t.co\/Fi7CLhBF66""display_text_range:[0140]",,
1544320112,"krisrudo @Kohls Fancy some under stall \ud83d\udc45??""display_text_range:[1743]",,
1544320135,"Packed last second for my trip. Forgot undershirts. \ud83d\ude21\ud83d\ude21\ud83d\ude21\nI feel naked when I\u2019m not wearing them... and the one I am\u2026 https:\/\/t.co\/L0YDv2cikC""",,
1544320168,"Lucas Kohls goal :12 into the second and @UWECHockey leads Marian 2-1""",,
1544320180,"RT @MommyDaze420: \ud83e\udd16 try I snagged from @kohls thanks to @influenster and them hooking me up with a10$ Kohl's cash. #mommydaze420 #MMMP #Koh\u2026""",,
1544320436,"Give joy get joy at Kohls https:\/\/t.co\/f13MwwrDxi""display_text_range:[026]",,
1544320497,"This is literally my dad. I get random texts allll the time saying \u201cAnything you want from Kohl\u2019s? I got kohl\u2019s cas\u2026 https:\/\/t.co\/DUlbCUvPX6""",,
1544320526,"krisrudo @Kohls luv u :3""display_text_range:[1725]",,
1544320640,"@abusivemother @Kohls I love you !!!!!\ud83d\udc95""display_text_range:[2239]",,
1544320676,"RT @kobychill: white girls always look like they just walked out of a kohls""",,
1544320987,"RT @kobychill: white girls always look like they just walked out of a kohls""",,
1544321091,"OO BITCH MY MOM AND I ARE IN TROUBLE WE JUST SPENT $300 AT KOHLS HAHA FUCK FUCK FUCK FUCK""",,
1544321132,"RT @kobychill: white girls always look like they just walked out of a kohls""",,
1544321357,"Deals: Vera Wang Catherine Tote $33.74 (https:\/\/t.co\/E06jX7VUNt) https:\/\/t.co\/DHgkZDwPsr""",,
1544321363,"RT @kobychill: white girls always look like they just walked out of a kohls""",,
1544321430,"RT @BryanKemper: Had make an exchange at @Kohls for a defective button on new jeans I had no receipt and was concerned. This was honestly\u2026""",,
1544321802,"#KohlsCash #GiveJoyGetJoy #GiveKohlsJoy #contest @Kohls @Influenster  somebody got a new jacket thanks to the compl\u2026 https:\/\/t.co\/kDjnAxCvmV""",,
1544321803,"Speaking of childhood things Christy Carlson-Romano was on a Kohls commercial. I'm glad to know Ren Stevens is doing well.""",,
1544321971,"@theRealJobcase @FedEx @UPSjobs @Macys @amazon @USPS @Gap @Kohls @Target Stop sending me email""display_text_range:[7394]",,
1544321987,"Enter to win a $20 @kohls #giftcard in this #giveaway @SLM016.  https:\/\/t.co\/B6qQpv7vvj""",,
1544322012,"\u201cSingle looking to jingle\u201d. @Kohls hats comin in clutch""",,
1544322044,"RT @kobychill: white girls always look like they just walked out of a kohls""",,
1544322126,"RT @Kohls: Retweet for a chance to win a $20 Kohl\u2019s e-Gift Card! 1000 winners selected TODAY ONLY! NO PURCH NEC. Ends 11\/26\/18. 50 US\/DC\u2026""",,
1544322146,"Blugolds have another explosive 2nd period and now lead the Sabres 3-2. \n#SimpleMath #gritty #d3hky\n\ud83d\udea8's - Kohls Fr\u2026 https:\/\/t.co\/lQr44kaDz0""display_text_range:[0140]",,
1544322152,"RT @UWECHockey: Blugolds have another explosive 2nd period and now lead the Sabres 3-2. \n#SimpleMath #gritty #d3hky\n\ud83d\udea8's - Kohls Froese\n\ud83c\udf4e's\u2026""",,
1544322160,"@Kohls That answered absolutely nothing. But thanks though!""display_text_range:[759]",,
1544322176,"#Kohls #clearance in just one click https:\/\/t.co\/a6pWc8IMBO check out the awesome #Deals""",,
1544322307,"RT @kobychill: white girls always look like they just walked out of a kohls""",,
1544322396,"#KohlsCash #GiveJoyGetJoy #GiveKohlsJoy #contest @Kohls @Influenster  somebody got a new jacket thanks to the compl\u2026 https:\/\/t.co\/zY0MNiR8ud""",,
1544322450,"I got free Kohl\u2019s cash! \ud83d\udcb0Use this link to join Influenster with https:\/\/t.co\/cx0hD8mKyj #KohlsCash #GiveJoyGetJoy\u2026 https:\/\/t.co\/xTP9P0ktEn""",,
1544322488,"If you guys don't want to commission me feel free to donate some money so i can pay off Kohls and wacom I havent b\u2026 https:\/\/t.co\/ND6vWUOdnc""display_text_range:[0140]",,
1544322631,"@Kohls Newsflash: it\u2019s December 8 known to some people as Christmastime. Having more than ONE cashier would\u2019ve been very helpful.""",,
1544322702,"Join us December 17th! Looking forward to connecting! https:\/\/t.co\/klbvHpWzKo""",,
1544322876,"RT @kobychill: white girls always look like they just walked out of a kohls""",,
1544322899,"RT @kobychill: white girls always look like they just walked out of a kohls""",,
1544323238,"RT @kobychill: white girls always look like they just walked out of a kohls""",,
1544323365,"RT @KaylieRuderman: feel like spending some mf Kohls cash""",,
1544323915,"Enter to win a $20 @kohls #giftcard in this #giveaway @SLM016.  https:\/\/t.co\/b56Os2b972""",,
1544324150,"Influenster @Kohls @POPSUGAR I was a winner of a Virtual Voxbox but I haven't heard anything after filling out my information. Any updates?""",,
1544324153,"Enter to win a $20 @kohls #giftcard in this #giveaway @SLM016.  https:\/\/t.co\/CfMzhq4olF""",,
1544324170,"@bhogleharsha @bhogleharsha a victory without capital contribution from Kohli shall really boost team's confidence.\u2026 https:\/\/t.co\/QSnydrILjd""display_text_range:[14140]",,
1544324206,"Kohls I came to kohl\u2019s thinking there was the surprise kohl\u2019s cash w any purchase and was told they ran out.  The\u2026 https:\/\/t.co\/Ejs0BAbQdD""",,
1544324488,"@Kohls Apparently you advertise at OffBeat who thinks Boomers aren't cool and said \""Thanks for nothing baby boomer\u2026 https:\/\/t.co\/sPVhYY2nWi""",,
1544324668,"@Kohls LOL Offbeat. We own the market and we don't give a RA what you think we think is tragically uncool. Someday\u2026 https:\/\/t.co\/EIjq3ky86J""",,
1544324721,"@Kohls A worker dropped four boxes on me today. How can I complain to corporate when there is no online option?""",,
1544325051,"@K_A_DD @DaisyTurnover Literally read that like \u201coh yeah that guy exists. Bet he\u2019s still at Kohls.\u201d https:\/\/t.co\/tI1cQClPdc""display_text_range:[23101]",,
1544325057,"Enter to win a $20 @kohls #giftcard in this #giveaway @SLM016.  https:\/\/t.co\/Kd7f3XNk31""",,
1544325066,"GeeKnee88 @Kohls Thanks! I hope your sister does as well!""display_text_range:[1858]",,
1544325067,"My local kohls now carries berrisom face masks! They also have a whole section of k-beauty products I'm willing to\u2026 https:\/\/t.co\/FczK8L7Pk4""display_text_range:[0140]",,
1544325088,"These guys have survived the zombie apocalypse for 28 years. They've found guns gas food rare releases of Japane\u2026 https:\/\/t.co\/25yZBvwMnD""",,
1544325334,"RT @LaurenOrlando: comfy in my @MuddStyle this fall \ud83c\udf42 #ad @Kohls!! shop here - https:\/\/t.co\/huwl1G3UeU https:\/\/t.co\/h4psgTUa8i""",,
1544325389,"RT @LaurenOrlando: summertime in @MuddStyle!! @Kohls #ad \ud83c\udf3b\ud83d\udc96 https:\/\/t.co\/yaSyvL9xQs""",,
1544325418,"RT @kobychill: white girls always look like they just walked out of a kohls""",,
1544325426,"RT @LaurenOrlando: .@muddstyle\u2019s new collection is all i\u2019m going to be wearing this summer! you can find it at @kohls \ud83d\ude0a\ud83c\udf37#ad https:\/\/t.co\/If\u2026""",,
1544325627,"Thanks @influenster for the FREE Kohl\u2019s Cash to jumpstart my Christmas shopping! #KohlsCash #GiveJoyGetJoy\u2026 https:\/\/t.co\/9sEy6f1Q3x""display_text_range:[0140]",,
1544325680,"I HATE GOING TO KOHLS WITH MY PARENTS!!! Omg they really can\u2019t do anything I hate old people""",,
1544325810,".@ToysRUs\n@SugarPlumKids\n@Target\n@HobbyLobby\n@Shopko\n@Kohls\n@BNBuzz\n@ToysForTots_USA\n@NECA_TOYS\n@AmazonToys\n\nIs the\u2026 https:\/\/t.co\/iSK8JjeGNc""",,
1544325826,".@Kohls .@KohlsNews is this how you treat your customers? 1\/2 https:\/\/t.co\/l9733kmAyF""display_text_range:[061]",,
1544326360,"@Kohls My fruckin apartment because of corporations like ya'll.  How many of your employees have a second job or are in poverty?""display_text_range:[7128]",,
1544326376,"listening to regular  while shopping online at kohls ... this is a slap in the face .. Peak Poor Culture lmaooooo stop flexing \ud83d\ude14\ud83d\ude14\ud83d\ude14""",,
1544326391,"RT @erikalaurenluvs: Me:  Hey Dad what are you up to?\nDad: Standing outside @Kohls waiting for them to open.  I have $25 Kohl\u2019s cash I do\u2026""",,
1544326531,"RT @Inaanaofheaven: This line at Kohls is hell. But anywayz another #reimbursement opportunity! I bought myself this pretty ass ring! Now y\u2026""",,
1544326580,"I fucking forgot I had $110 in Kohls Cash....""",,
1544326639,"Thanks @Influenster [user:Kohls] for the FREE #KohlsCash!#GiveJoyGetJoy #GiveKohlsJoy #contest https:\/\/t.co\/p44NhfltdN""display_text_range:[094]",,
1544326764,"Hubby got a new shirt with the complimentary $10 kohls cash @Influenster @Kohls #KohlsCash #GiveJoyGetJoy\u2026 https:\/\/t.co\/YnI8ZvE5Kr""display_text_range:[0140]",,
1544326810,"RT @kobychill: white girls always look like they just walked out of a kohls""",,
1544326875,"My mom when she saw how much she saved at kohl\u2019s \ud83d\ude02 @kohls https:\/\/t.co\/YO7GWVQgvA""display_text_range:[057]",,
1544327112,"I just love my new @SKECHERSUSA shoes. Thanks for getting them to me so fast @Kohls. My #KohlsCash was definitely p\u2026 https:\/\/t.co\/a3IydXefuh""display_text_range:[0140]",,
1544327379,"RT @kobychill: white girls always look like they just walked out of a kohls""",,
1544327504,"@Kohls Definitely a SnooZzoo! \ud83d\ude09""display_text_range:[731]",,
1544327546,"Enter to win a $20 @kohls #giftcard in this #giveaway @SLM016.  https:\/\/t.co\/VkkcIsi8mU""",,
1544327646,"I usually shop online at carters because we dont go into the town closest to us with a store and I love buying \""onl\u2026 https:\/\/t.co\/eSZehIzSvt""",,
1544327775,"My son will be ecstatic Thank u Kohls for $10 kohl's cash for free @Influenster @Kohls #KohlsCash #GiveJoyGetJoy\u2026 https:\/\/t.co\/W6cjNwRVBO""display_text_range:[0140]",,
1544327811,"My little sister broke my dads favorite back scratcher tonight while IM babysitting so now we have to make an emerg\u2026 https:\/\/t.co\/jmmLyXf3ss""",,
1544327950,"LCLaurenConrad @Kohls Try the \""Kwik Hang\"" brackets no damage to your woodwork.""display_text_range:[2380]",,
1544327993,"Kohls Trying to place an order with discounts. Not working... UgH !!""",,
1544328045,"RT @kobychill: white girls always look like they just walked out of a kohls""",,
1544328100,"@Influenster @Kohls #KohlsCash #GiveJoyGetJoy #GiveKohlsJoy #contest I found free presents for my boys!! https:\/\/t.co\/rU47jKKoW4""display_text_range:[0104]",,
1544328102,"RT @VCscanner: Simi Valley: Armed robbery at Kohls. Suspect displayed a revolver. Beat up sedan fled southbound Tapo Canyon towards the fre\u2026""",,
1544328138,"RT @kobychill: white girls always look like they just walked out of a kohls""",,
1544328297,"@USMAN84kg  who dressed you??? My wife tried to but me in that exact outfit...i used the TRUMP CARD and i bet the d\u2026 https:\/\/t.co\/LW6uw1cK34""",,
1544328430,"Got my little one this mickey mouse cash register at kohls with my $10 kohls cash! This toy had been the upside to\u2026 https:\/\/t.co\/IbrWGXaVp3""display_text_range:[0140]",,
1544328544,"@nailogical just witnessed a little girl watching troom troom behind me while I was in line at kohls and I was triggered. Help.""",,
1544328568,"@BrandiB42824251 @Kohls I know the feeling. Its no xmas for my kids either. For me the process of the struggle just\u2026 https:\/\/t.co\/WlnJpzqy7G""display_text_range:[24140]",,
1544328628,"anyone have sum kohls cash ting""",,
1544328650,"I recieved this Kohl's cash for freeand this is what I got for myself..@Influenster @Kohls #KohlsCash\u2026 https:\/\/t.co\/beRMRffw21""display_text_range:[0140]",,
1544328753,"RT @kobychill: white girls always look like they just walked out of a kohls""",,
1544328833,"I ordered some jeggings from @Kohls on november 18th. they arrived on november 25th. they were almost identical to\u2026 https:\/\/t.co\/Nklo0T7zAO""",,
1544328940,"@kobychill: white girls always look like they just walked out of a kohls""",,
1544329003,"Bought my husband Paul \nMen's Dockers\u00ae Intarsia Cuffed Beanie &amp; \nBig &amp; Tall Croft &amp; Barrow\u00ae Classic-Fit Extra-Soft\u2026 https:\/\/t.co\/Ef14fMfmJm""display_text_range:[0140]",,
1544329725,"Enter to win a $20 @kohls #giftcard in this #giveaway @SLM016.  https:\/\/t.co\/bz5cUhJUtw""",,
1544329754,"I received $10 Kohls cash from Influenster I used it along with a %25 coupon and got these sweet gems  nice Xmas gi\u2026 https:\/\/t.co\/6MldjLvPIM""display_text_range:[0140]",,
1544329775,"@Kohls I\u2019m selling $200 roblox account for $40 https:\/\/t.co\/J6Arc0FW4S""display_text_range:[770]",,
1544329812,"RT @kobychill: white girls always look like they just walked out of a kohls""",,
1544329864,"The last line in the article \u201cHe did not get the job at kohls.\u201d Killed me haha @ajc""",,
1544330010,"RT @OriginalFunko: RT &amp; follow @OriginalFunko for a chance to WIN a @Kohls exclusive Fwooper Pop!  #FantasticBeasts https:\/\/t.co\/MA2SDLJRKm""",,
1544330116,"@Kohls Went to Kohl's today and bought a cami.  When I inquired about the surprise Kohl's cash I was told I didn't\u2026 https:\/\/t.co\/zW1jhxraix""",,
1544330260,"Thank you @influenster for the free $10 Kohl\u2019s cash. Last minute shopping for the nephew \ud83d\ude0a  @Kohls #KohlsCash\u2026 https:\/\/t.co\/U8WEQxx5Y8""display_text_range:[0140]",,
1544330419,"Love shopping @Kohls !! Love all the deals !!""",,
1544330448,"I love my new electric tooth brush! Thank you @Kohls""",,
1544330469,"@buckmasterflash @Kohls @CollinMurr Cause it\u2019s  promoted""display_text_range:[3656]",,
1544330545,"@Kohls Trying to take advantage of savings ending today online. Nothing working. C\/S hold times incredibly long. UGH Help!!""",,
1544330775,"@Kohls LEGO for my son and hatchimals for my daughter.""display_text_range:[754]",,
1544331169,"RT @wendybr99: @Fishers_VB and @_emilyybrewerr shopping today for @FishersHS Celebration of Giving!  Thank you @Kohls for supporting this p\u2026""",,
1544331314,"Hi @Kohls I made a purchase today but I didn't get my 10 off 50 in store. Can you help me with this?""",,
1544331336,"Hey... #Kohls store in Hiram GA... these (below) are NOT shopping carts... they are laundry hampers with kiddie sea\u2026 https:\/\/t.co\/i1cWDKCVQu""display_text_range:[0140]",,
1544331442,"Our Original Detanglers are nothing short of a holiday miracle. \ud83c\udf81 Exclusive holiday prints available now @Kohls and\u2026 https:\/\/t.co\/oUScp72FZz""display_text_range:[0140]",,
1544331443,"RT @kobychill: white girls always look like they just walked out of a kohls""",,
1544331570,"Kohls haul!! I spent about $70 tonight which isn't bad since one of the shirts I got was originally $60! Thank you\u2026 https:\/\/t.co\/5EW8PEVHQ4""",,
1544331767,"me Nd my friends alwys get accused of stealing by some old white lady named martha who works at kohls cuz we\u2019re weird looking""",,
1544331847,"RT @EmeraudeToubia: Spicing things up this holiday season! Give Joy Get Joy at @Kohls. #ad https:\/\/t.co\/WmDEz4iwxv""",,
1544331975,"@Kohls  Been on hold for 1 hour to get an online purchase done but cannot get through.""",,
1544332497,"Kohls I forgot to scan my Yes2You card at checkout. Can I still get points added?""",,
1544332982,"RT @littlemeandfree: Want to make your guests feel extra welcome this holiday season? Try updating your bedding with these amazing deals fr\u2026""",,
1544333078,"@dannyngbo I knoww kohls a dub for that &amp;Yes that\u2019s where i buy mine from""display_text_range:[1177]",,
1544333100,"@erikalaurenluvs @Kohls You know you can use @Kohls cash online then you're not waiting outside.""display_text_range:[2498]",,
1544333166,"Enter to win a $20 @kohls #giftcard in this #giveaway @SLM016.  https:\/\/t.co\/kcaPacbTle""",,
1544333300,"\u201cKohls sells some baller ass chains.\u201d Guess who?""",,
1544333413,"$33.74 Vera Wang Catherine Tote\n\n(Reg. $99.00)\n\nhttps:\/\/t.co\/uLZjv9eAZQ https:\/\/t.co\/jp4qCfPS2t""display_text_range:[071]",,
1544333440,"$33.74 Vera Wang  Catherine Tote\n\n(Reg. $99.00)\n\nhttps:\/\/t.co\/tG7YVKT27J https:\/\/t.co\/G6QYXPPJI8""display_text_range:[072]",,
1544333443,"$33.74  Vera Wang Catherine Tote\n\n(Reg. $99.00)\n\nhttps:\/\/t.co\/YgcTkXh0hX https:\/\/t.co\/f8ZUHCZPzT""display_text_range:[072]",,
1544333500,"$33.74  Vera Wang Catherine Tote\n\n(Reg. $99.00)\n\nhttps:\/\/t.co\/cY80HGSREG https:\/\/t.co\/ex3XklccOd""display_text_range:[072]",,
1544333503,"$33.74 Vera  Wang Catherine Tote\n\n(Reg. $99.00)\n\nhttps:\/\/t.co\/YuwbFYOEYv https:\/\/t.co\/uKjptJxIYa""display_text_range:[072]",,
1544333559,"$33.74 Vera  Wang Catherine Tote\n\n(Reg. $99.00)\n\nhttps:\/\/t.co\/Qq2Jj9vtuq https:\/\/t.co\/4Ge8Mnhhj1""display_text_range:[072]",,
1544333577,"@kobychill: white girls always look like they just walked out of a kohls""",,
1544333621,"$33.74 Vera  Wang Catherine Tote\n\n(Reg. $99.00)\n\nhttps:\/\/t.co\/PX0d0ayuOP https:\/\/t.co\/BdrDZCMjNI""display_text_range:[072]",,
1544333624,"$33.74 Vera Wang  Catherine Tote\n\n(Reg. $99.00)\n\nhttps:\/\/t.co\/mDpRfOESLq https:\/\/t.co\/pRdGz3in4c""display_text_range:[072]",,
1544333740,"$33.74 Vera Wang Catherine Tote\n\n(Reg.  $99.00)\n\nhttps:\/\/t.co\/D2nCGISpW9 https:\/\/t.co\/oU1DJuCrWp""display_text_range:[072]",,
1544333743,"$33.74  Vera Wang Catherine Tote\n\n(Reg. $99.00)\n\nhttps:\/\/t.co\/2Kkip4XfrE https:\/\/t.co\/mCi4gxKbxp""display_text_range:[072]",,
1544333800,"$33.74 Vera Wang Catherine Tote\n\n(Reg.  $99.00)\n\nhttps:\/\/t.co\/gYLbIQSDqE https:\/\/t.co\/siek9ftwfI""display_text_range:[072]",,
1544333859,"$33.74  Vera Wang Catherine Tote\n\n(Reg. $99.00)\n\nhttps:\/\/t.co\/wsXh4JW1pa https:\/\/t.co\/TYrXQ2AYPO""display_text_range:[072]",,
1544333960,"@SammySheets Was that pizza planet shirt bought at @Kohls ? Lol I work there pt as a second job... folded many of them!""display_text_range:[13119]",,
1544333980,"33.74  Vera Wang Catherine Tote\n\n(Reg. $99.00)\n\nhttps:\/\/t.co\/3BYHHtOLeH https:\/\/t.co\/L96QQJ1tUk""display_text_range:[072]",,
1544334044,"RT @kobychill: white girls always look like they just walked out of a kohls""",,
1544334265,"Bought my husband Paul \nMen's Dockers\u00ae Intarsia Cuffed Beanie &amp; \nBig &amp; Tall Croft &amp; Barrow\u00ae Classic-Fit Extra-Soft\u2026 https:\/\/t.co\/LjZFenSlDI""display_text_range:[0140]",,
1544334612,"Woman at Kohls asked me if I wanted to sign up for one of their credit cards and then said \""oh wait. You're probabl\u2026 https:\/\/t.co\/kqwKGDVckQ""",,
1544334700,"$33.74 Vera Wang Catherine  Tote\n\n(Reg. $99.00)\n\nhttps:\/\/t.co\/G0BKhrtmiA https:\/\/t.co\/RT3QJHP31s""display_text_range:[072]",,
1544335262,"Got $ 10 Kohl\u2019s cash for free""",,
1544335281,"@Kohls The only time to shop at Kohl\u2019s is when you have Kohl\u2019s cash and a 30% off. Am I right?!?!""display_text_range:[797]",,
1544335740,"What an awesome Saturday to do little Christmas shopping for my kids. And recieved $10 @kohls cash complementary fr\u2026 https:\/\/t.co\/cvqg59hmDP""display_text_range:[0140]",,
1544335961,"RT@kobychill: white girls always look like they just walked out of a kohls""",,
1544336260,"@Kohls fortnite toys""display_text_range:[720]",,
1544336264,"@Kohls I just spent $240 in store but when I got home saw that I wasn\u2019t given any Kohl\u2019s cash. Will you fix this?""",,
1544336545,"don\u2019t put me on blast like that""",,
1544336762,"Roll Up Your Sleeves Folks https:\/\/t.co\/i6RyRyrDKQ""",,
1544337493,"@JessicaBiel @Gaiam @Kohls Love You""display_text_range:[2735]",,
1544337683,"Tb to September ft. my fav store @Kohls""",,
1544339507,"omfg when you and your best friend work the same shift in the same department tomorrow fuuuuuuuck kohls about to be boppinnnnnn""",,
1544340828,"@Kohls I love Kohl\u2019s but I am having trouble with a price adjustment. I bought a sweater for $20 a week ago and now\u2026 https:\/\/t.co\/1bYmaO2mWv""",,
1544340888,"I liked a @YouTube video https:\/\/t.co\/iueP5qZjpN Making Money by Selling my Stockpile &amp; almost FREE KOHLS CASH""",,
1544340980,"QuothAna Oh my God thank you!! Dress and shoes are from Kohls!""display_text_range:[1064]",,
1544341128,"RT @Kohls: Retweet for a chance to win a $20 Kohl\u2019s e-Gift Card! 1000 winners selected TODAY ONLY! NO PURCH NEC. Ends 11\/26\/18. 50 US\/DC\u2026""",,
1544317856,"@OPDOfcZipay @LivePdFans Our favorite game this year is WTF purchased at @Kohls \ud83c\udf32 https:\/\/t.co\/9EhOYB6n1V""display_text_range:[2581]",,
1544317856,"@OPDOfcZipay @LivePdFans Our favorite game this year is WTF purchased at @Kohls \ud83c\udf32 https:\/\/t.co\/9EhOYB6n1V""display_text_range:[2581]",,
1544317900,"RT @asiandevine: And factory farming??? Bitches swearrrrrr they love animals as if your own country isn\u2019t in SHAMBLES because of the farmin\u2026""",,
1544317901,"RT @SethAbramson: 7\/ Oh man... this is just...delicious.\n\nPlease read the far-right Republican question below knowing that Jared Kushner a\u2026""",,
1544317902,"RT @SethAbramson: 2\/ You can't have a private and potentially privileged conversation with the target of a federal criminal investigation i\u2026""",,
1544317904,"why was alex from target a thing""",,
1544317907,"RT @RiickD: Going to Target &gt; Going to the club""",,
1544317907,"RT @IronManRecords: Will you back Killing Kelly by George Galloway? Just \u00a316k to reach the minimum target and 18 days to go. You might pay\u2026""",,
1544317908,"RT @RashidaTlaib: A close friend in response to the alternative trip to @AIPAC's:  \""Be careful you don't want to become a target for them.\u2026""",,
1544317909,"RT @CPICfinance: The Best Technology for Fighting Climate Change Isn't a Technology - natural climate solutions can help us achieve 37 perc\u2026""",,
1544317909,"While I was out getting the last pieces of my brother's Christmas gift I saw this on sale at Target. It was only $\u2026 https:\/\/t.co\/B9za2szBwE""",,
1544317909,"RT @SethAbramson: 3\/ BTW with respect to Trump's bogus \""conflict\"" claim(s) I love this insane idea that the *target* of a federal probe c\u2026""",,
1544317909,"RT @kobychill: white girls always look like they just walked out of a kohls""",,
1544317910,"RT @SethAbramson: 2\/ You can't have a private and potentially privileged conversation with the target of a federal criminal investigation i\u2026""",,
1544317910,"T @asiandevine: And factory farming??? Bitches swearrrrrr they love animals as if your own country isn\u2019t in SHAMBLES because of the farmin\u2026""",,
1544317911,"I really hope I\u2019m done babysitting before 10 so I can go to target and get a birthday present for a surprise party tomorrow oOOOF""",,
1544317911,"RT @SethAbramson: 2\/ You can't have a private and potentially privileged conversation with the target of a federal criminal investigation i\u2026""",,
1544317912,"#Rudolph is back on cbs and I\u2019m not mad about it thanks @Target https:\/\/t.co\/lLjB0bWFNJ""display_text_range:[063]",,
1544317912,"RT @ksorbs: Good grief Charlie Brown.  Don't atheists have anything better to do than to be offended by Nativity scenes? The rest of us ar\u2026""",,
1544317914,"Someone has a duck on a leash at @Kohls and I have a million questions""",,
1544317915,"I have not! This is a very interesting item and an excellent gift if anyone is looking to buy me anything...\u2026 https:\/\/t.co\/h71t3OFxaI""",,
1544317916,"RT @mog7546: #Kushner wooed by #Saudi prince and advisors one month after #Trump was elected: NYT\n\nKushner was considered a prime target ri\u2026""",,
1544317917,"RT @ksorbs: Good grief Charlie Brown.  Don't atheists have anything better to do than to be offended by Nativity scenes? The rest of us ar\u2026""",,
1544317918,"RT @trvisXX: Minneapolis see u tonight Target center""",,
1544317919,"RT @RiickD: Going to Target &gt; Going to the club""",,
1544317920,"\""rock chip sampling has returned up to 12% copper 2 grams per tonne gold 118g\/t silver 6% zinc 0.34% cobalt....\u2026 https:\/\/t.co\/IDXw2Ukz9s""",,
1544317921,"RT @trvisXX: Minneapolis see u tonight Target center""",,
1544317922,"RT @trvisXX: Minneapolis see u tonight Target center""",,
1544317923,"RT @SethAbramson: 2\/ You can't have a private and potentially privileged conversation with the target of a federal criminal investigation i\u2026""",,
1544317924,"RT @SethAbramson: 2\/ You can't have a private and potentially privileged conversation with the target of a federal criminal investigation i\u2026""",,
1544317924,"Reduce the stress of whether you will make your new 2019 target.  \nTake action - follow these four simple steps fro\u2026 https:\/\/t.co\/0Bvco7GL5F""",,
1544317925,"Welp. I was going to wait to buy Super Smash but I can\u2019t sit on the phone and listen to Will have this much fun any\u2026 https:\/\/t.co\/V7YwG3Glmz""",,
1544317926,"People quickly made Rasul Douglas the next target for heavy criticism after a few bad performances but the good has\u2026 https:\/\/t.co\/XXGz0p4RIo""",,
1544317926,"RT @GiveLuckyBack: @HowlHelp @chortletown @Msbmoran @carolyn525 @cheekykmk @SaviorOfAnimals @NYCASR @OliviaHusseyLA @Pascal7733 @BobHoldenN\u2026""",,
1544317927,"Atheists target Christmas Hanukkah displays \u2013 GOPUSA https:\/\/t.co\/aJKMRa8bMV""",,
1544317947,"Like getting free stuff?! Join #influenster and review all your favorite products and see what comes your way\ud83d\ude0d last\u2026 https:\/\/t.co\/PsaKPEiNfx""",,
1544318061,"I'm at @Kohls in Burleson TX https:\/\/t.co\/9dv48M1VbQ https:\/\/t.co\/I536F2Hkwi""display_text_range:[053]",,
1544318079,"RT @thenosweargamer: Wishbook Memories\nColeco Donkey Kong Mini Arcade\n1982 Sears Wishbook\n$59.99 or $154.80 after inflation!\nI always wante\u2026""",,
1544318180,"RT @TheRealLuq: Easy. Kohls cash.. big flip https:\/\/t.co\/SBgRyOVKfD""",,
1544318208,"Kohls Fuck of. Off fuck oh nevermind""display_text_range:[737]",,
1544318208,"@GeeKnee88 @Kohls I have been having the same issue. However they don\u2019t respond to the direct messages either so it\u2019s not even helpful.""display_text_range:[18136]",,
1544318243,"So @ChristianYelich was at Kohls today WHILE I was at work AND I MISSED HIM\ud83d\ude29""",,
1544318315,"Enter to win a $20 @kohls #giftcard in this #giveaway @SLM016.  https:\/\/t.co\/Z4Mh2OQv9R""",,
1544318351,"i would walk into kohls just to start a fight""",,
1544318373,"Some shopping at Kohl\u2019s today! \ud83c\udf81\ud83d\uded2 Got an amazing deal! \ud83d\ude0e\ud83d\udc4d! \ud83d\udc83\ud83c\udf89 I\u2019m so happy with purchase! I received $10 Kohl's Cas\u2026 https:\/\/t.co\/twVKl13A6C""display_text_range:[0140]",,
1544318520,"Destroyed the toilets at @Kohls https:\/\/t.co\/FpCe8lwxKK""display_text_range:[031]",,
1544318637,"@Kohls My kohlscash expired on the 5th!! I thought i'd get an app notification but nothing :( I have $150 of it! C\u2026 https:\/\/t.co\/8GOgOFisE9""",,
1544318762,"RT @Kohls: Retweet for a chance to win a $20 Kohl\u2019s e-Gift Card! 1000 winners selected TODAY ONLY! NO PURCH NEC. Ends 11\/26\/18. 50 US\/DC\u2026""",,
1544318841,"@Julie_HigherEd @Kohls Oh great! I hope you get your stuff!""display_text_range:[2359]",,
1544318965,"Aaaaaand I was told for the FOURTH time a case around be created and someone would get back to me. Seriously?!!\u2026 https:\/\/t.co\/98Dk7jOwQa""",,
1544319236,"@ejayy_4 kohls and old navy! Andrew and I got ours from Kohl\u2019s!""display_text_range:[963]",,
1544319266,"Blugolds are locked at 1 with @MU_Mens_Hockey after the 1st. \n\ud83d\udea8 - Dingmann\n\ud83c\udf4e's - Cooper Kohls https:\/\/t.co\/hkqusd0koi""display_text_range:[094]",,
1544319275,"@Kohls This was supposed to be a Christmas surprise. Didn\u2019t think it wouldn\u2019t literally SAY on the outside of the s\u2026 https:\/\/t.co\/vxrFr1EgtX""display_text_range:[0140]",,
1544319279,"RT @UWECHockey: Blugolds are locked at 1 with @MU_Mens_Hockey after the 1st. \n\ud83d\udea8 - Dingmann\n\ud83c\udf4e's - Cooper Kohls https:\/\/t.co\/hkqusd0koi""",,
1544319307,"Hey @Kohls you\u2019re missing a golden opportunity not marketing this as a chance to \u201cSleep with the \u05e1\u05d3\u05d9\u05df Twins\u201d https:\/\/t.co\/EBRBzk0jOl""display_text_range:[0108]",,
1544319513,"Kohl's Surprise Saturday Holiday Sale with Kohl's Cash and Coupons is Today https:\/\/t.co\/yGyh76ZMMd""",,
1544319715,"RT @TheRealLuq: Easy. Kohls cash.. big flip https:\/\/t.co\/SBgRyOVKfD""",,
1544319967,"@DuchessOfCrazy @Kohls Coo coo box lol it \u201csuits\u201d you it\u2019ll support your frail frame \ud83d\ude04""display_text_range:[2386]",,
1544320102,"Super excited to go pick these up from my local @Kohls. I only spent .20\u00a2 on these goodies thanks to  #kohlscash f\u2026 https:\/\/t.co\/Fi7CLhBF66""display_text_range:[0140]",,
1544320112,"krisrudo @Kohls Fancy some under stall \ud83d\udc45??""display_text_range:[1743]",,
1544320135,"Packed last second for my trip. Forgot undershirts. \ud83d\ude21\ud83d\ude21\ud83d\ude21\nI feel naked when I\u2019m not wearing them... and the one I am\u2026 https:\/\/t.co\/L0YDv2cikC""",,
1544320168,"Lucas Kohls goal :12 into the second and @UWECHockey leads Marian 2-1""",,
1544320180,"RT @MommyDaze420: \ud83e\udd16 try I snagged from @kohls thanks to @influenster and them hooking me up with a10$ Kohl's cash. #mommydaze420 #MMMP #Koh\u2026""",,
1544320436,"Give joy get joy at Kohls https:\/\/t.co\/f13MwwrDxi""display_text_range:[026]",,
1544320497,"This is literally my dad. I get random texts allll the time saying \u201cAnything you want from Kohl\u2019s? I got kohl\u2019s cas\u2026 https:\/\/t.co\/DUlbCUvPX6""",,
1544320526,"krisrudo @Kohls luv u :3""display_text_range:[1725]",,
1544320640,"@abusivemother @Kohls I love you !!!!!\ud83d\udc95""display_text_range:[2239]",,
1544320676,"RT @kobychill: white girls always look like they just walked out of a kohls""",,
1544320987,"RT @kobychill: white girls always look like they just walked out of a kohls""",,
1544321091,"OO BITCH MY MOM AND I ARE IN TROUBLE WE JUST SPENT $300 AT KOHLS HAHA FUCK FUCK FUCK FUCK""",,
1544321132,"RT @kobychill: white girls always look like they just walked out of a kohls""",,
1544321357,"Deals: Vera Wang Catherine Tote $33.74 (https:\/\/t.co\/E06jX7VUNt) https:\/\/t.co\/DHgkZDwPsr""",,
1544321363,"RT @kobychill: white girls always look like they just walked out of a kohls""",,
1544321430,"RT @BryanKemper: Had make an exchange at @Kohls for a defective button on new jeans I had no receipt and was concerned. This was honestly\u2026""",,
1544321802,"#KohlsCash #GiveJoyGetJoy #GiveKohlsJoy #contest @Kohls @Influenster  somebody got a new jacket thanks to the compl\u2026 https:\/\/t.co\/kDjnAxCvmV""",,
1544321803,"Speaking of childhood things Christy Carlson-Romano was on a Kohls commercial. I'm glad to know Ren Stevens is doing well.""",,
1544321971,"@theRealJobcase @FedEx @UPSjobs @Macys @amazon @USPS @Gap @Kohls @Target Stop sending me email""display_text_range:[7394]",,
1544321987,"Enter to win a $20 @kohls #giftcard in this #giveaway @SLM016.  https:\/\/t.co\/B6qQpv7vvj""",,
1544322012,"\u201cSingle looking to jingle\u201d. @Kohls hats comin in clutch""",,
1544322044,"RT @kobychill: white girls always look like they just walked out of a kohls""",,
1544322126,"RT @Kohls: Retweet for a chance to win a $20 Kohl\u2019s e-Gift Card! 1000 winners selected TODAY ONLY! NO PURCH NEC. Ends 11\/26\/18. 50 US\/DC\u2026""",,
1544322146,"Blugolds have another explosive 2nd period and now lead the Sabres 3-2. \n#SimpleMath #gritty #d3hky\n\ud83d\udea8's - Kohls Fr\u2026 https:\/\/t.co\/lQr44kaDz0""display_text_range:[0140]",,
1544322152,"RT @UWECHockey: Blugolds have another explosive 2nd period and now lead the Sabres 3-2. \n#SimpleMath #gritty #d3hky\n\ud83d\udea8's - Kohls Froese\n\ud83c\udf4e's\u2026""",,
1544322160,"@Kohls That answered absolutely nothing. But thanks though!""display_text_range:[759]",,
1544322176,"#Kohls #clearance in just one click https:\/\/t.co\/a6pWc8IMBO check out the awesome #Deals""",,
1544322307,"RT @kobychill: white girls always look like they just walked out of a kohls""",,
1544322396,"KohlsCash #GiveJoyGetJoy #GiveKohlsJoy #contest @Kohls @Influenster  somebody got a new jacket thanks to the compl\u2026 https:\/\/t.co\/zY0MNiR8ud""",,
1544322450,"I got free Kohl\u2019s cash! \ud83d\udcb0Use this link to join Influenster with https:\/\/t.co\/cx0hD8mKyj #KohlsCash #GiveJoyGetJoy\u2026 https:\/\/t.co\/xTP9P0ktEn""",,
1544322488,"If you guys don't want to commission me feel free to donate some money so i can pay off Kohls and wacom I havent b\u2026 https:\/\/t.co\/ND6vWUOdnc""display_text_range:[0140]",,
1544322631,"@Kohls Newsflash: it\u2019s December 8 known to some people as Christmastime. Having more than ONE cashier would\u2019ve been very helpful.""",,
1544322702,"Join us December 17th! Looking forward to connecting! https:\/\/t.co\/klbvHpWzKo""",,
1544322876,"RT @kobychill: white girls always look like they just walked out of a kohls""",,
1544322899,"RT @kobychill: white girls always look like they just walked out of a kohls""",,
1544323238,"RT @kobychill: white girls always look like they just walked out of a kohls""",,
1544323365,"RT @KaylieRuderman: feel like spending some mf Kohls cash""",,
1544323915,"Enter to win a $20 @kohls #giftcard in this #giveaway @SLM016.  https:\/\/t.co\/b56Os2b972""",,
1544324150,"Influenster @Kohls @POPSUGAR I was a winner of a Virtual Voxbox but I haven't heard anything after filling out my information. Any updates?""",,
1544324153,"Enter to win a $20 @kohls #giftcard in this #giveaway @SLM016.  https:\/\/t.co\/CfMzhq4olF""",,
1544324170,"@bhogleharsha @bhogleharsha a victory without capital contribution from Kohli shall really boost team's confidence.\u2026 https:\/\/t.co\/QSnydrILjd""display_text_range:[14140]",,
1544324206,"Kohls I came to kohl\u2019s thinking there was the surprise kohl\u2019s cash w any purchase and was told they ran out.  The\u2026 https:\/\/t.co\/Ejs0BAbQdD""",,
1544324488,"@Kohls Apparently you advertise at OffBeat who thinks Boomers aren't cool and said \""Thanks for nothing baby boomer\u2026 https:\/\/t.co\/sPVhYY2nWi""",,
1544324668,"@Kohls LOL Offbeat. We own the market and we don't give a RA what you think we think is tragically uncool. Someday\u2026 https:\/\/t.co\/EIjq3ky86J""",,
1544324721,"@Kohls A worker dropped four boxes on me today. How can I complain to corporate when there is no online option?""",,
1544325051,"@K_A_DD @DaisyTurnover Literally read that like \u201coh yeah that guy exists. Bet he\u2019s still at Kohls.\u201d https:\/\/t.co\/tI1cQClPdc""display_text_range:[23101]",,
1544325057,"Enter to win a $20 @kohls #giftcard in this #giveaway @SLM016.  https:\/\/t.co\/Kd7f3XNk31""",,
1544325066,"GeeKnee88 @Kohls Thanks! I hope your sister does as well!""display_text_range:[1858]",,
1544325067,"My local kohls now carries berrisom face masks! They also have a whole section of k-beauty products I'm willing to\u2026 https:\/\/t.co\/FczK8L7Pk4""display_text_range:[0140]",,
1544325088,"These guys have survived the zombie apocalypse for 28 years. They've found guns gas food rare releases of Japane\u2026 https:\/\/t.co\/25yZBvwMnD""",,
1544325334,"RT @LaurenOrlando: comfy in my @MuddStyle this fall \ud83c\udf42 #ad @Kohls!! shop here - https:\/\/t.co\/huwl1G3UeU https:\/\/t.co\/h4psgTUa8i""",,
1544325389,"RT @LaurenOrlando: summertime in @MuddStyle!! @Kohls #ad \ud83c\udf3b\ud83d\udc96 https:\/\/t.co\/yaSyvL9xQs""",,
1544325418,"RT @kobychill: white girls always look like they just walked out of a kohls""",,
1544325426,"RT @LaurenOrlando: .@muddstyle\u2019s new collection is all i\u2019m going to be wearing this summer! you can find it at @kohls \ud83d\ude0a\ud83c\udf37#ad https:\/\/t.co\/If\u2026""",,
1544325627,"Thanks @influenster for the FREE Kohl\u2019s Cash to jumpstart my Christmas shopping! #KohlsCash #GiveJoyGetJoy\u2026 https:\/\/t.co\/9sEy6f1Q3x""display_text_range:[0140]",,
1544325680,"I HATE GOING TO KOHLS WITH MY PARENTS!!! Omg they really can\u2019t do anything I hate old people""",,
1544325810,".@ToysRUs\n@SugarPlumKids\n@Target\n@HobbyLobby\n@Shopko\n@Kohls\n@BNBuzz\n@ToysForTots_USA\n@NECA_TOYS\n@AmazonToys\n\nIs the\u2026 https:\/\/t.co\/iSK8JjeGNc""",,
1544325826,".@Kohls .@KohlsNews is this how you treat your customers? 1\/2 https:\/\/t.co\/l9733kmAyF""display_text_range:[061]",,
1544326360,"@Kohls My fruckin apartment because of corporations like ya'll.  How many of your employees have a second job or are in poverty?""display_text_range:[7128]",,
1544326376,"listening to regular  while shopping online at kohls ... this is a slap in the face .. Peak Poor Culture lmaooooo stop flexing \ud83d\ude14\ud83d\ude14\ud83d\ude14""",,
1544326391,"RT @erikalaurenluvs: Me:  Hey Dad what are you up to?\nDad: Standing outside @Kohls waiting for them to open.  I have $25 Kohl\u2019s cash I do\u2026""",,
1544326531,"RT @Inaanaofheaven: This line at Kohls is hell. But anywayz another #reimbursement opportunity! I bought myself this pretty ass ring! Now y\u2026""",,
1544326580,"I fucking forgot I had $110 in Kohls Cash....""",,
1544326639,"Thanks @Influenster [user:Kohls] for the FREE #KohlsCash!#GiveJoyGetJoy #GiveKohlsJoy #contest https:\/\/t.co\/p44NhfltdN""display_text_range:[094]",,
1544326764,"Hubby got a new shirt with the complimentary $10 kohls cash @Influenster @Kohls #KohlsCash #GiveJoyGetJoy\u2026 https:\/\/t.co\/YnI8ZvE5Kr""display_text_range:[0140]",,
1544326810,"RT @kobychill: white girls always look like they just walked out of a kohls""",,
1544326875,"My mom when she saw how much she saved at kohl\u2019s \ud83d\ude02 @kohls https:\/\/t.co\/YO7GWVQgvA""display_text_range:[057]",,
1544327112,"I just love my new @SKECHERSUSA shoes. Thanks for getting them to me so fast @Kohls. My #KohlsCash was definitely p\u2026 https:\/\/t.co\/a3IydXefuh""display_text_range:[0140]",,
1544327379,"RT @kobychill: white girls always look like they just walked out of a kohls""",,
1544327504,"@Kohls Definitely a SnooZzoo! \ud83d\ude09""display_text_range:[731]",,
1544327546,"Enter to win a $20 @kohls #giftcard in this #giveaway @SLM016.  https:\/\/t.co\/VkkcIsi8mU""",,
1544327646,"I usually shop online at carters because we dont go into the town closest to us with a store and I love buying \""onl\u2026 https:\/\/t.co\/eSZehIzSvt""",,
1544327775,"My son will be ecstatic Thank u Kohls for $10 kohl's cash for free @Influenster @Kohls #KohlsCash #GiveJoyGetJoy\u2026 https:\/\/t.co\/W6cjNwRVBO""display_text_range:[0140]",,
1544327811,"My little sister broke my dads favorite back scratcher tonight while IM babysitting so now we have to make an emerg\u2026 https:\/\/t.co\/jmmLyXf3ss""",,
1544327950,"LCLaurenConrad @Kohls Try the \""Kwik Hang\"" brackets no damage to your woodwork.""display_text_range:[2380]",,
1544327993,"Kohls Trying to place an order with discounts. Not working... UgH !!""",,
1544328045,"RT @kobychill: white girls always look like they just walked out of a kohls""",,
1544328100,"@Influenster @Kohls #KohlsCash #GiveJoyGetJoy #GiveKohlsJoy #contest I found free presents for my boys!! https:\/\/t.co\/rU47jKKoW4""display_text_range:[0104]",,
1544328102,"RT @VCscanner: Simi Valley: Armed robbery at Kohls. Suspect displayed a revolver. Beat up sedan fled southbound Tapo Canyon towards the fre\u2026""",,
1544328138,"RT @kobychill: white girls always look like they just walked out of a kohls""",,
1544328297,"@USMAN84kg  who dressed you??? My wife tried to but me in that exact outfit...i used the TRUMP CARD and i bet the d\u2026 https:\/\/t.co\/LW6uw1cK34""",,
1544328430,"Got my little one this mickey mouse cash register at kohls with my $10 kohls cash! This toy had been the upside to\u2026 https:\/\/t.co\/IbrWGXaVp3""display_text_range:[0140]",,
1544328544,"@nailogical just witnessed a little girl watching troom troom behind me while I was in line at kohls and I was triggered. Help.""",,
1544328568,"@BrandiB42824251 @Kohls I know the feeling. Its no xmas for my kids either. For me the process of the struggle just\u2026 https:\/\/t.co\/WlnJpzqy7G""display_text_range:[24140]",,
1544328628,"anyone have sum kohls cash ting""",,
1544328650,"I recieved this Kohl's cash for freeand this is what I got for myself..@Influenster @Kohls #KohlsCash\u2026 https:\/\/t.co\/beRMRffw21""display_text_range:[0140]",,
1544328753,"RT @kobychill: white girls always look like they just walked out of a kohls""",,
1544328833,"I ordered some jeggings from @Kohls on november 18th. they arrived on november 25th. they were almost identical to\u2026 https:\/\/t.co\/Nklo0T7zAO""",,
1544328940,"RT@kobychill: white girls always look like they just walked out of a kohls""",,
1544329003,"Bought my husband Paul \nMen's Dockers\u00ae Intarsia Cuffed Beanie &amp; \nBig &amp; Tall Croft &amp; Barrow\u00ae Classic-Fit Extra-Soft\u2026 https:\/\/t.co\/Ef14fMfmJm""display_text_range:[0140]",,
1544329725,"Enter to win a $20 @kohls #giftcard in this #giveaway @SLM016.  https:\/\/t.co\/bz5cUhJUtw""",,
1544329754,"I received $10 Kohls cash from Influenster I used it along with a %25 coupon and got these sweet gems  nice Xmas gi\u2026 https:\/\/t.co\/6MldjLvPIM""display_text_range:[0140]",,
1544329775,"@Kohls I\u2019m selling $200 roblox account for $40 https:\/\/t.co\/J6Arc0FW4S""display_text_range:[770]",,
1544329812,"RT @kobychill: white girls always look like they just walked out of a kohls""",,
1544329864,"The last line in the article \u201cHe did not get the job at kohls.\u201d Killed me haha @ajc""",,
1544330010,"RT @OriginalFunko: RT &amp; follow @OriginalFunko for a chance to WIN a @Kohls exclusive Fwooper Pop!  #FantasticBeasts https:\/\/t.co\/MA2SDLJRKm""",,
1544330116,"@Kohls Went to Kohl's today and bought a cami.  When I inquired about the surprise Kohl's cash I was told I didn't\u2026 https:\/\/t.co\/zW1jhxraix""",,
1544330260,"Thank you @influenster for the free $10 Kohl\u2019s cash. Last minute shopping for the nephew \ud83d\ude0a  @Kohls #KohlsCash\u2026 https:\/\/t.co\/U8WEQxx5Y8""display_text_range:[0140]",,
1544330419,"Love shopping @Kohls !! Love all the deals !!""",,
1544330448,"I love my new electric tooth brush! Thank you @Kohls""",,
1544330469,"@buckmasterflash @Kohls @CollinMurr Cause it\u2019s  promoted""display_text_range:[3656]",,
1544330545,"@Kohls Trying to take advantage of savings ending today online. Nothing working. C\/S hold times incredibly long. UGH Help!!""",,
1544330775,"@Kohls LEGO for my son and hatchimals for my daughter.""display_text_range:[754]",,
1544331169,"RT @wendybr99: @Fishers_VB and @_emilyybrewerr shopping today for @FishersHS Celebration of Giving!  Thank you @Kohls for supporting this p\u2026""",,
1544331314,"Hi @Kohls I made a purchase today but I didn't get my 10 off 50 in store. Can you help me with this?""",,
1544331336,"Hey... #Kohls store in Hiram GA... these (below) are NOT shopping carts... they are laundry hampers with kiddie sea\u2026 https:\/\/t.co\/i1cWDKCVQu""display_text_range:[0140]",,
1544331442,"Our Original Detanglers are nothing short of a holiday miracle. \ud83c\udf81 Exclusive holiday prints available now @Kohls and\u2026 https:\/\/t.co\/oUScp72FZz""display_text_range:[0140]",,
1544331443,"RT @kobychill: white girls always look like they just walked out of a kohls""",,
1544331570,"Kohls haul!! I spent about $70 tonight which isn't bad since one of the shirts I got was originally $60! Thank you\u2026 https:\/\/t.co\/5EW8PEVHQ4""",,
1544331767,"me Nd my friends alwys get accused of stealing by some old white lady named martha who works at kohls cuz we\u2019re weird looking""",,
1544331847,"RT @EmeraudeToubia: Spicing things up this holiday season! Give Joy Get Joy at @Kohls. #ad https:\/\/t.co\/WmDEz4iwxv""",,
1544331975,"@Kohls  Been on hold for 1 hour to get an online purchase done but cannot get through.""",,
1544332497,"Kohls I forgot to scan my Yes2You card at checkout. Can I still get points added?""",,
1544332982,"RT @littlemeandfree: Want to make your guests feel extra welcome this holiday season? Try updating your bedding with these amazing deals fr\u2026""",,
1544333078,"@dannyngbo I knoww kohls a dub for that &amp;Yes that\u2019s where i buy mine from""display_text_range:[1177]",,
1544333100,"@erikalaurenluvs @Kohls You know you can use @Kohls cash online then you're not waiting outside.""display_text_range:[2498]",,
1544333166,"Enter to win a $20 @kohls #giftcard in this #giveaway @SLM016.  https:\/\/t.co\/kcaPacbTle""",,
1544333300,"\u201cKohls sells some baller ass chains.\u201d Guess who?""",,
1544333413,"$33.74 Vera Wang Catherine Tote\n\n(Reg. $99.00)\n\nhttps:\/\/t.co\/uLZjv9eAZQ https:\/\/t.co\/jp4qCfPS2t""display_text_range:[071]",,
1544333440,"$33.74 Vera Wang  Catherine Tote\n\n(Reg. $99.00)\n\nhttps:\/\/t.co\/tG7YVKT27J https:\/\/t.co\/G6QYXPPJI8""display_text_range:[072]",,
1544333443,"$33.74  Vera Wang Catherine Tote\n\n(Reg. $99.00)\n\nhttps:\/\/t.co\/YgcTkXh0hX https:\/\/t.co\/f8ZUHCZPzT""display_text_range:[072]",,
1544333500,"$33.74  Vera Wang Catherine Tote\n\n(Reg. $99.00)\n\nhttps:\/\/t.co\/cY80HGSREG https:\/\/t.co\/ex3XklccOd""display_text_range:[072]",,
1544333503,"$33.74 Vera  Wang Catherine Tote\n\n(Reg. $99.00)\n\nhttps:\/\/t.co\/YuwbFYOEYv https:\/\/t.co\/uKjptJxIYa""display_text_range:[072]",,
1544333559,"$33.74 Vera  Wang Catherine Tote\n\n(Reg. $99.00)\n\nhttps:\/\/t.co\/Qq2Jj9vtuq https:\/\/t.co\/4Ge8Mnhhj1""display_text_range:[072]",,
1544333577,"RT@kobychill: white girls always look like they just walked out of a kohls""",,
1544333621,"$33.74 Vera  Wang Catherine Tote\n\n(Reg. $99.00)\n\nhttps:\/\/t.co\/PX0d0ayuOP https:\/\/t.co\/BdrDZCMjNI""display_text_range:[072]",,
1544333624,"$33.74 Vera Wang  Catherine Tote\n\n(Reg. $99.00)\n\nhttps:\/\/t.co\/mDpRfOESLq https:\/\/t.co\/pRdGz3in4c""display_text_range:[072]",,
1544333740,"$33.74 Vera Wang Catherine Tote\n\n(Reg.  $99.00)\n\nhttps:\/\/t.co\/D2nCGISpW9 https:\/\/t.co\/oU1DJuCrWp""display_text_range:[072]",,
1544333743,"$33.74  Vera Wang Catherine Tote\n\n(Reg. $99.00)\n\nhttps:\/\/t.co\/2Kkip4XfrE https:\/\/t.co\/mCi4gxKbxp""display_text_range:[072]",,
1544333800,"33.74 Vera Wang Catherine Tote\n\n(Reg.  $99.00)\n\nhttps:\/\/t.co\/gYLbIQSDqE https:\/\/t.co\/siek9ftwfI""display_text_range:[072]",,
1544333859,"$33.74  Vera Wang Catherine Tote\n\n(Reg. $99.00)\n\nhttps:\/\/t.co\/wsXh4JW1pa https:\/\/t.co\/TYrXQ2AYPO""display_text_range:[072]",,
1544333960,"@SammySheets Was that pizza planet shirt bought at @Kohls ? Lol I work there pt as a second job... folded many of them!""display_text_range:[13119]",,
1544333980,"$33.74  Vera Wang Catherine Tote\n\n(Reg. $99.00)\n\nhttps:\/\/t.co\/3BYHHtOLeH https:\/\/t.co\/L96QQJ1tUk""display_text_range:[072]",,
1544334044,"RT @kobychill: white girls always look like they just walked out of a kohls""",,
1544334265,"Bought my husband Paul \nMen's Dockers\u00ae Intarsia Cuffed Beanie &amp; \nBig &amp; Tall Croft &amp; Barrow\u00ae Classic-Fit Extra-Soft\u2026 https:\/\/t.co\/LjZFenSlDI""display_text_range:[0140]",,
1544334612,"Woman at Kohls asked me if I wanted to sign up for one of their credit cards and then said \""oh wait. You're probabl\u2026 https:\/\/t.co\/kqwKGDVckQ""",,
1544334700,"$33.74 Vera Wang Catherine  Tote\n\n(Reg. $99.00)\n\nhttps:\/\/t.co\/G0BKhrtmiA https:\/\/t.co\/RT3QJHP31s""display_text_range:[072]",,
1544335262,"Got $ 10 Kohl\u2019s cash for free""",,
1544335281,"@Kohls The only time to shop at Kohl\u2019s is when you have Kohl\u2019s cash and a 30% off. Am I right?!?!""display_text_range:[797]",,
1544335740,"What an awesome Saturday to do little Christmas shopping for my kids. And recieved $10 @kohls cash complementary fr\u2026 https:\/\/t.co\/cvqg59hmDP""display_text_range:[0140]",,
1544335961,"RT@kobychill: white girls always look like they just walked out of a kohls""",,
1544336260,"@Kohls fortnite toys""display_text_range:[720]",,
1544336264,"@Kohls I just spent $240 in store but when I got home saw that I wasn\u2019t given any Kohl\u2019s cash. Will you fix this?""",,
1544336545,"dfon\u2019t put me on blast like that""",,
1544336762,"Roll Up Your Sleeves Folks https:\/\/t.co\/i6RyRyrDKQ""",,
1544337493,"@JessicaBiel @Gaiam @Kohls Love You""display_text_range:[2735]",,
1544337683,"Tb to September ft. my fav store @Kohls""",,
1544339507,"omfg when you and your best friend work the same shift in the same department tomorrow fuuuuuuuck kohls about to be boppinnnnnn""",,
1544340828,"@Kohls I love Kohl\u2019s but I am having trouble with a price adjustment. I bought a sweater for $20 a week ago and now\u2026 https:\/\/t.co\/1bYmaO2mWv""",,
1544340888,"I liked a @YouTube video https:\/\/t.co\/iueP5qZjpN Making Money by Selling my Stockpile &amp; almost FREE KOHLS CASH""",,
1544340980,"QuothAna Oh my God thank you!! Dress and shoes are from Kohls!""display_text_range:[1064]",,
1544341128,"RT @Kohls: Retweet for a chance to win a $20 Kohl\u2019s e-Gift Card! 1000 winners selected TODAY ONLY! NO PURCH NEC. Ends 11\/26\/18. 50 US\/DC\u2026""",,
1544664166,"Laura Ashley \""Home\"" Rustic LED 2 pc Candle Set $10.49 shipped for Kohl's Cardholders!  Awesome deals for Non-Cardho\u2026 https:\/\/t.co\/5US2MMyxGy""",,
1544664196,"@Feeheeheeney @Kohls That coming from a girl that says she can smell temperature""",display_text_range:[21,80]
1544675529,"Getting into the spirit with gifting! This one was bought with complimentary Kohls cash from Influenster. Happy Hol\u2026 https:\/\/t.co\/fAiTGfG0Nx""",display_text_range:[0,140]
1544675549,RT @AliciLee: Okay Twitter, I need some help. I have a little guy who is obssesed with his blanket. Yes," he is older..he is also disabled.\u2026"""
1544675608,RT @ThunkSupreme: These were good years in Vegas, 2011-2012. You got outta bed on Sundays not for church but for the swap meet," you put on\u2026"""
1544675709,RT @crzylifelittles: There are some toys that never get old to my kids," like LEGO &amp; Melissa &amp; Doug toys. Find more of our favorite brands a\u2026""",
