1544493572,"RT @Fergie: sneak peek of the new @fergiefootwear box \ud83d\udc40\ud83d\udc40\nhttps:\/\/t.co\/qplsP8puMv \ncheck the 14 new styles now available at @MACYS!!!! \ud83c\udf1f\ud83c\udf1f #f\u2026"""
1544493582,"@Macys @MakeAWish Are you having site issues?? I have been trying to place an order for over an hour now"""
1544493665,"@Macys are you having website issues?? I have been trying to place an order for over an hour"""
1544493683,".@Macys Believe helped Collin\u2019s wish come true during #CMAchristmas when he walked the red carpet with @FLAGAline a\u2026 https:\/\/t.co\/lfZeTrmXOI"""
1544493709,"RT @DavidDTSS: My son has had 3 active shooter drills at school since August.\n\nHe's in kindergarten. https:\/\/t.co\/AD5ApPmipn"""
1544493721,"Lol sir u getting in arguments with ya wife cuz u gone Macys tryna compete with me..... my Calvin's come from costco \ud83d\ude02\ud83d\ude02\ud83d\ude02\ud83d\ude02\ud83d\ude02\ud83d\ude02"""
1544493723,"RT @ABCNetwork: .@Macys Believe helped Collin\u2019s wish come true during #CMAchristmas when he walked the red carpet with @FLAGAline at the #C\u2026"""
1544493742,@QuenishaN I hear best buy
1544493743,"RT @ABCNetwork: .@Macys Believe helped Collin\u2019s wish come true during #CMAchristmas when he walked the red carpet with @FLAGAline at the #C\u2026"""
1544493750,"@Macys close in 58 mins and they got the serious @RalphLauren #POLO SALE GOING\u203c\ufe0f\u203c\ufe0f\u203c\ufe0f"""
1544493794,"RT @ABCNetwork: .@Macys Believe helped Collin\u2019s wish come true during #CMAchristmas when he walked the red carpet with @FLAGAline at the #C\u2026"""
1544493797,"RT @ABCNetwork: .@Macys Believe helped Collin\u2019s wish come true during #CMAchristmas when he walked the red carpet with @FLAGAline at the #C\u2026"""
1544493802,"RT @ABCNetwork: .@Macys Believe helped Collin\u2019s wish come true during #CMAchristmas when he walked the red carpet with @FLAGAline at the #C\u2026"""
1544493830,"RT @ABCNetwork: .@Macys Believe helped Collin\u2019s wish come true during #CMAchristmas when he walked the red carpet with @FLAGAline at the #C\u2026"""
1544493840,"@ABCNetwork: .@Macys Believe helped Collin\u2019s wish come true during #CMAchristmas when he walked the red carpet with @FLAGAline at the #C\u2026"""
1544493847,"RT @ABCNetwork: .@Macys Believe helped Collin\u2019s wish come true during #CMAchristmas when he walked the red carpet with @FLAGAline at the #C\u2026"""
1544493911,"RT @ABCNetwork: .@Macys Believe helped Collin\u2019s wish come true during #CMAchristmas when he walked the red carpet with @FLAGAline at the #C\u2026"""
1544493918,"RT @ABCNetwork: .@Macys Believe helped Collin\u2019s wish come true during #CMAchristmas when he walked the red carpet with @FLAGAline at the #C\u2026"""
1544493933,"RT @ABCNetwork: .@Macys Believe helped Collin\u2019s wish come true during #CMAchristmas when he walked the red carpet with @FLAGAline at the #C\u2026"""
1544493947,"RT @ABCNetwork: .@Macys Believe helped Collin\u2019s wish come true during #CMAchristmas when he walked the red carpet with @FLAGAline at the #C\u2026"""
1544493999,"@ABCNetwork @Macys @FLAGALine i want to meet jalles i need a 1nd hug \ud83d\ude2d\ud83d\ude2d"""
1544494007,"Had some really satisfying made_nice after a long and fun journey to see Santa at @macys. Watch the whole thing on\u2026 https:\/\/t.co\/nx8F2B9riC"""
1544494049,"@ABCNetwork @Macys @FLAGALine i want to meet @JF_MJTheLegend  i need a 2nd Hug \ud83d\ude2d\ud83d\ude2d\ud83d\udc94\ud83d\udc94\ud83d\udc99\ud83d\udc99"""
1544494072,\ud83d\udd25 FREE MACY'S MONEY GIVEAWAY 34
1544494084,"RT @ABCNetwork: .@Macys Believe helped Collin\u2019s wish come true during #CMAchristmas when he walked the red carpet with @FLAGAline at the #C\u2026"""
1544494100,Pack\/ship fail award to @Macys. Wife bought 6 #Waterford crystal glasses
1544494116,"RT @Alyssa64019523: @ABCNetwork @Macys @FLAGALine i want to meet @JF_MJTheLegend  i need a 2nd Hug \ud83d\ude2d\ud83d\ude2d\ud83d\udc94\ud83d\udc94\ud83d\udc99\ud83d\udc99"""
1544494130,"RT @FashionistaNYC: The @Macys Friends + Family #SALE ends Tonight!! SAVE 30% off all your favorite Brands and Designers that rarely go on\u2026"""
1544494148,"After a full day of #BloodTests @childrensla #LACH @itsme_andree and I were so excited to do something #fun and\u2026 https:\/\/t.co\/Lnic8aF2ji"""
1544494260,"@Macys Sent and have not heard back?"""
1544494264,"Macys Common social media theme is you\u2019ve got customer service problems on your phone lines. Solutions?"""
1544494288,"Macy\u2019s Green Monday Savings Instant Win\u00a0Game https:\/\/t.co\/TixZZhN5Aw https:\/\/t.co\/b4nwSwpp1x"""
1544494294,"RT @Macys: Help us grant wishes across the country! Write a letter to Santa and we\u2019ll donate $1 to @MakeAWish (up to $1M) to help give chil\u2026"""
1544494326,"RT @ABCNetwork: .@Macys Believe helped Collin\u2019s wish come true during #CMAchristmas when he walked the red carpet with @FLAGAline at the #C\u2026"""
1544494354,"Im sorry but Macys storyline is so boring now. I feel for their family situations but its not interesting enough fo\u2026 https:\/\/t.co\/eMUJZad8X7"""
1544494409,"RT @ABCNetwork: .@Macys Believe helped Collin\u2019s wish come true during #CMAchristmas when he walked the red carpet with @FLAGAline at the #C\u2026"""
1544494439,"Planning to practice letter writing and service with my #ELs through @Macys @MakeAWish donation campaign\u2026 https:\/\/t.co\/i30KhfVZTx"""
1544494494,"RT @ABCNetwork: .@Macys Believe helped Collin\u2019s wish come true during #CMAchristmas when he walked the red carpet with @FLAGAline at the #C\u2026"""
1544494513,"Macys worst service one can imagine"""
1544494531,After a full day of #BloodTests @childrensla #LACH done on #Boston
1544494627,"And we love this! Our wish for Collin and all children is good health. #CMAChristmas #Believe"""
1544494629,"RT @ABCNetwork: .@Macys Believe helped Collin\u2019s wish come true during #CMAchristmas when he walked the red carpet with @FLAGAline at the #C\u2026"""
1544494692,"Dropping that @MakeAWish @MakeAWishPAWV letter to Santa @Macys #MacysBelieve #WishKid #Happykid https:\/\/t.co\/YB7KQk2Zgo"""
1544494717,"RT @98WSIX: And we love this! Our wish for Collin and all children is good health. #CMAChristmas #Believe https:\/\/t.co\/36X6L9G2DV"""
1544494770,Ok @Macys . When I order an expensive jacket
1544494827,"Sunham Cotton Bath Towels $2.99 Each (Save $11.01!) https:\/\/t.co\/xG8K85o1tE #macys"""
1544494831,"RT @98WSIX: And we love this! Our wish for Collin and all children is good health. #CMAChristmas #Believe https:\/\/t.co\/36X6L9G2DV"""
1544494864,"RT @ABCNetwork: .@Macys Believe helped Collin\u2019s wish come true during #CMAchristmas when he walked the red carpet with @FLAGAline at the #C\u2026"""
1544494949,"RT @DeLuca_C: Dropping that @MakeAWish @MakeAWishPAWV letter to Santa @Macys #MacysBelieve #WishKid #Happykid https:\/\/t.co\/YB7KQk2Zgo"""
1544494975,@IdealMourning @ldkaye @Macys That\u2019s more shoulder
1544494984,"RT @ABCNetwork: .@Macys Believe helped Collin\u2019s wish come true during #CMAchristmas when he walked the red carpet with @FLAGAline at the #C\u2026"""
1544495007,"RT @ABCNetwork: .@Macys Believe helped Collin\u2019s wish come true during #CMAchristmas when he walked the red carpet with @FLAGAline at the #C\u2026"""
1544495049,#MACYSWORRYNOMORE furniture protection plan that says they will fix or replace
1544495074,RT @neiltyson: The pudgy
1544495154,"RT @ABCNetwork: .@Macys Believe helped Collin\u2019s wish come true during #CMAchristmas when he walked the red carpet with @FLAGAline at the #C\u2026"""
1544495206,"RT @ABCNetwork: .@Macys Believe helped Collin\u2019s wish come true during #CMAchristmas when he walked the red carpet with @FLAGAline at the #C\u2026"""
1544495213,"Never gonna order anything online every again from @Macys \ud83d\ude11"""
1544495216,"@Macys over 2 weeks and counting trying to get our order. I already sent a DM and Need my order for the holidays."""
1544495216,"RT @ABCNetwork: .@Macys Believe helped Collin\u2019s wish come true during #CMAchristmas when he walked the red carpet with @FLAGAline at the #C\u2026"""
1544495341,"RT @DrewFishBand: Give back this holiday season to the @SalArmyAustin! Every Thursday through Saturday up until Christmas stop by @Macys at\u2026"""
1544495360,"I mean seriously @Macys. This might be the last straw in a serious decline of customer service the last four visits\u2026 https:\/\/t.co\/ESE79NobIH"""
1544495401,I also found out today that there is an elf emoji! But the Legolas \ud83e\udddd\u200d\u2642\ufe0f type of elf
1544495414,"RT @ABCNetwork: .@Macys Believe helped Collin\u2019s wish come true during #CMAchristmas when he walked the red carpet with @FLAGAline at the #C\u2026"""
1544495423,"RT @ABCNetwork: .@Macys Believe helped Collin\u2019s wish come true during #CMAchristmas when he walked the red carpet with @FLAGAline at the #C\u2026"""
1544495424,"RT @ABCNetwork: .@Macys Believe helped Collin\u2019s wish come true during #CMAchristmas when he walked the red carpet with @FLAGAline at the #C\u2026"""
1544495466,"#DavidDTSS  \nListen My son has had 3 active shooter drills at school since August. He's in kindergarten.\u2026 https:\/\/t.co\/5cAdu7SyU6"""
1544495504,"RT @ABCNetwork: .@Macys Believe helped Collin\u2019s wish come true during #CMAchristmas when he walked the red carpet with @FLAGAline at the #C\u2026"""
1544495559,"RT @ABCNetwork: .@Macys Believe helped Collin\u2019s wish come true during #CMAchristmas when he walked the red carpet with @FLAGAline at the #C\u2026"""
1544495598,"RT @ABCNetwork: .@Macys Believe helped Collin\u2019s wish come true during #CMAchristmas when he walked the red carpet with @FLAGAline at the #C\u2026"""
1544495599,@Macys @askjcp @jcpenney @Target @OldNavy @hm @Nordstrom wth
1544495626,"RT @ABCNetwork: .@Macys Believe helped Collin\u2019s wish come true during #CMAchristmas when he walked the red carpet with @FLAGAline at the #C\u2026"""
1544495629,"RT @ABCNetwork: .@Macys Believe helped Collin\u2019s wish come true during #CMAchristmas when he walked the red carpet with @FLAGAline at the #C\u2026"""
1544495687,RT @HeffronDrive: \u201cIn Dreams\u201d\n\nJust want to say thanks again to z100newyork
1544495751,"RT @ABCNetwork: .@Macys Believe helped Collin\u2019s wish come true during #CMAchristmas when he walked the red carpet with @FLAGAline at the #C\u2026"""
1544495769,"RT @ABCNetwork: .@Macys Believe helped Collin\u2019s wish come true during #CMAchristmas when he walked the red carpet with @FLAGAline at the #C\u2026"""
1544495887,"RT @ABCNetwork: .@Macys Believe helped Collin\u2019s wish come true during #CMAchristmas when he walked the red carpet with @FLAGAline at the #C\u2026"""
1544495910,"RT @ABCNetwork: .@Macys Believe helped Collin\u2019s wish come true during #CMAchristmas when he walked the red carpet with @FLAGAline at the #C\u2026"""
1544495957,"RT @ABCNetwork: .@Macys Believe helped Collin\u2019s wish come true during #CMAchristmas when he walked the red carpet with @FLAGAline at the #C\u2026"""
1544495978,"Yandy's living room still looks like one of those furniture showrooms at Macys #LHHNY #LAHHNY"""
1544496084,"Macy's - Shop Fashion Clothing &amp; Accessories - Official Site - https:\/\/t.co\/hLDeofhq7o#l https:\/\/t.co\/k3XNqgmnaS"""
1544496259,"RT @ABCNetwork: .@Macys Believe helped Collin\u2019s wish come true during #CMAchristmas when he walked the red carpet with @FLAGAline at the #C\u2026"""
1544496296,"Macys #newyork #newyorkcity #nyc #christmas #pictureoftheday #pic #shopping #travel via https:\/\/t.co\/ZU7pBHTSXX https:\/\/t.co\/ZDV58bDYfj"""
1544496492,"RT @ABCNetwork: .@Macys Believe helped Collin\u2019s wish come true during #CMAchristmas when he walked the red carpet with @FLAGAline at the #C\u2026"""
1544496530,"@ABCNetwork: .@Macys Believe helped Collin\u2019s wish come true during #CMAchristmas when he walked the red carpet with @FLAGAline at the #C\u2026"""
1544496541,"@ABCNetwork @Macys @FLAGALine Beautiful!! What a fine handsome young man he is ."""
1544496580,"@Macys your customer service is terrible! Absolutely terrible! Our couch has not come and nobody has helped. 3 hour\u2026 https:\/\/t.co\/t7PbexROH6"""
1544496591,"RT @ABCNetwork: .@Macys Believe helped Collin\u2019s wish come true during #CMAchristmas when he walked the red carpet with @FLAGAline at the #C\u2026"""
1544496595,RT @playbill: .@ChristyAltomare
1544496597,"RT @ABCNetwork: .@Macys Believe helped Collin\u2019s wish come true during #CMAchristmas when he walked the red carpet with @FLAGAline at the #C\u2026"""
1544496746,"RT @ABCNetwork: .@Macys Believe helped Collin\u2019s wish come true during #CMAchristmas when he walked the red carpet with @FLAGAline at the #C\u2026"""
1544496910,"RT @ABCNetwork: .@Macys Believe helped Collin\u2019s wish come true during #CMAchristmas when he walked the red carpet with @FLAGAline at the #C\u2026"""
1544497006,"I can\u2019t believe I sat on hold with @Macys for 30 mins and now an hour later I still have no promised email of my re\u2026 https:\/\/t.co\/YGJbHmf07N"""
1544497019,"RT @Adele47018578: @annamariakuch @marceecorn @VirtualFrankie @loveGoldenHeart @gigirules7 @malekalby @leannerva @josybreda @SymonaColina @\u2026"""
1544497025,@LifeZette We were in Macys  yesterday
1544497074,For every letter written to Santa
1544497094,"@Macys Thanks!  She enjoyed writing the letter."""
1544497155,"RT @ABCNetwork: .@Macys Believe helped Collin\u2019s wish come true during #CMAchristmas when he walked the red carpet with @FLAGAline at the #C\u2026"""
1544497156,"ABCNetwork @Macys @FLAGALine Don't make me like #macys.  I have horrible memories of NYC when my sis &amp; aunts swore\u2026 https:\/\/t.co\/QGqi13jMVG"""
1544497278,RT @neiltyson: The pudgy
1544497310,"RT @ABCNetwork: .@Macys Believe helped Collin\u2019s wish come true during #CMAchristmas when he walked the red carpet with @FLAGAline at the #C\u2026"""
1544497347,"We got the 5 star treatment of being able to have front row seating and get a up close look of Emme and the models. https:\/\/t.co\/E0MlZ8ZnSs"""
1544497502,"RT @ABCNetwork: .@Macys Believe helped Collin\u2019s wish come true during #CMAchristmas when he walked the red carpet with @FLAGAline at the #C\u2026"""
1544497512,"12-Piece Lenox Butterfly Meadow Holiday Dinnerware Set Poinsettias and Jasmine Design $69.99 @ Macy's (After 30% Of\u2026 https:\/\/t.co\/MbnNOjhxg0"""
1544497525,RT @HeffronDrive: \u201cIn Dreams\u201d\n\nJust want to say thanks again to z100newyork
1544497618,"RT @ABCNetwork: .@Macys Believe helped Collin\u2019s wish come true during #CMAchristmas when he walked the red carpet with @FLAGAline at the #C\u2026"""
1544497675,"I love this part of the show each year! So Awesome!!!\u2665\ufe0f\ud83c\udf84"""
1544497859,"A little change of pace. The Sunbather in front of Macys. Work in progress. https:\/\/t.co\/vywl7WxiqT"""
1544497896,RT @HeffronDrive: \u201cIn Dreams\u201d\n\nJust want to say thanks again to z100newyork
1544497975,RT @HeffronDrive: \u201cIn Dreams\u201d\n\nJust want to say thanks again to z100newyork
1544498115,"RT @ABCNetwork: .@Macys Believe helped Collin\u2019s wish come true during #CMAchristmas when he walked the red carpet with @FLAGAline at the #C\u2026"""
1544498132,Fix your website
1544498134,"RT @ABCNetwork: .@Macys Believe helped Collin\u2019s wish come true during #CMAchristmas when he walked the red carpet with @FLAGAline at the #C\u2026"""
1544498217,"Hey @Macys do you guys carry this in your stores? I don\u2019t know how I feel about this \u201conline shopping\u201d thing https:\/\/t.co\/6lnzQ3Bz1r"""
1544498338,"RT @ABCNetwork: .@Macys Believe helped Collin\u2019s wish come true during #CMAchristmas when he walked the red carpet with @FLAGAline at the #C\u2026"""
1544498399,"RT @lizzyS: believing is seeing at  Macys' Herald Square SantaLand @Macys \n#Christmas https:\/\/t.co\/6oO4sHYxyw https:\/\/t.co\/NwCelpmpeR"""
1544498449,"RT @SavvyMomNYC: @lizzyS @Macys This is too cute!"""
1544498632,"RT @ABCNetwork: .@Macys Believe helped Collin\u2019s wish come true during #CMAchristmas when he walked the red carpet with @FLAGAline at the #C\u2026"""
1544498632,"RT @Macys: Thank you to @MakeAWish &amp; everyone who made this past National #MacysBelieve Day a huge success! Help us grant even more wishes\u2026"""
1544498668,"So precious \ud83d\ude07"""
1544498754,I hate when retailers send 5000 \u201clast chance\u201d sale emails. Listen @Macys if you don\u2019t stop HARASSING my inbox
1544498792,"notmyrissa \ud83d\ude02\ud83d\ude02\ud83d\ude02\ud83d\ude02 \""you ain't seen my mama at macys\"""""
1544498904,"So good I had to share! Check out all the items I'm loving on @Poshmarkapp #poshmark #fashion #style #shopmycloset\u2026 https:\/\/t.co\/xxLtACWyRc"""
1544498941,"RT @ABCNetwork: .@Macys Believe helped Collin\u2019s wish come true during #CMAchristmas when he walked the red carpet with @FLAGAline at the #C\u2026"""
1544499095,"RT @ABCNetwork: .@Macys Believe helped Collin\u2019s wish come true during #CMAchristmas when he walked the red carpet with @FLAGAline at the #C\u2026"""
1544499125,"RT @ABCNetwork: .@Macys Believe helped Collin\u2019s wish come true during #CMAchristmas when he walked the red carpet with @FLAGAline at the #C\u2026"""
1544499160,"So good I had to share! Check out all the items I'm loving on @Poshmarkapp #poshmark #fashion #style #shopmycloset\u2026 https:\/\/t.co\/LTS6LdZ6EZ"""
1544499161,RT @Macys: Would you help us raise $1M for @MakeAWish? Just write a letter to Santa and we\u2019ll donate $1 to Make-A-Wish
1544499280,@neiltyson @Macys Resilient little fellow. For some reason the words genetic modification
1544499321,"Macys \nI find a reply when I get into trouble with macy's ..! Email does not respond to this either"""
1544499381,"RT @ABCNetwork: .@Macys Believe helped Collin\u2019s wish come true during #CMAchristmas when he walked the red carpet with @FLAGAline at the #C\u2026"""
1544499504,"RT @ABCNetwork: .@Macys Believe helped Collin\u2019s wish come true during #CMAchristmas when he walked the red carpet with @FLAGAline at the #C\u2026"""
1544499541,"RT @WSEMartin1: Presenting their version of the @Macys parade driven by @WonderWorkshop &amp; #EV3 @LEGO_Education robots. They designed floats\u2026"""
1544499613,"@Macys Thank you for making my family feel like second class citizens by hiding Black Santa down an unmarked hallwa\u2026 https:\/\/t.co\/7bBhjHQM1a"""
1544499627,"@Macys Sent and DM  responded to reply .."""
1544499740,"Macys @MakeAWish @Macys why is your website always down???"""
1544499818,"@Macys This sale price is a real steal-REALLY? \ud83d\ude02\ud83d\ude02\ud83d\ude02\ud83d\ude02 https:\/\/t.co\/VOe7Ihn4vD"""
1544499848,"T @ABCNetwork: .@Macys Believe helped Collin\u2019s wish come true during #CMAchristmas when he walked the red carpet with @FLAGAline at the #C\u2026"""
1544500005,"RT @ABCNetwork: .@Macys Believe helped Collin\u2019s wish come true during #CMAchristmas when he walked the red carpet with @FLAGAline at the #C\u2026"""
1544500062,"@Macys @macysnews @MacysTourism POOR SERVICE #MACYSdotCOM #LACanterra #SAT_78256  5 Experiences in the past 7 days\u2026 https:\/\/t.co\/Bn9L3LGUsr"""
1544500076,Hi @Macys
1544500089,"RT @ABCNetwork: .@Macys Believe helped Collin\u2019s wish come true during #CMAchristmas when he walked the red carpet with @FLAGAline at the #C\u2026"""
1544500104,"RT @ABCNetwork: .@Macys Believe helped Collin\u2019s wish come true during #CMAchristmas when he walked the red carpet with @FLAGAline at the #C\u2026"""
1544500154,"RT @ABCNetwork: .@Macys Believe helped Collin\u2019s wish come true during #CMAchristmas when he walked the red carpet with @FLAGAline at the #C\u2026"""
1544500199,"Scale.\n.\n.\n.\n.\n#nyc #nycbuildings #macys\n#heraldsquare #pennstation\n#nycphotographer #streetlife\n#streetphotography\u2026 https:\/\/t.co\/MHpJtwJ7kr"""
1544500229,"Larryelder - #DiamondandSilk\n #SowellDaily #Benshapiro\n#therealcandaceO #TheRealDonaldTrump\nLIisten: James Mattis\u2026 https:\/\/t.co\/XjqCMqHCuH"""
1544500238,"RT @bustitopen75: Lil snippet of Macys dressing room!!!\ud83d\udca6\ud83d\udca6 https:\/\/t.co\/9hodyHhhzQ"""
1544500256,"@RanaTine I love @Macys!!!"""
1544500273,"RT @ABCNetwork: .@Macys Believe helped Collin\u2019s wish come true during #CMAchristmas when he walked the red carpet with @FLAGAline at the #C\u2026"""
1544500294,Zero people working at @Macys know where anything is. I got the runaround
1544500299,"jazzmine_singh @Macys Okay boo I\u2019ll wait for my Christmas gift."""
1544500305,"Macys did it better."""
1544500319,"RT @ABCNetwork: .@Macys Believe helped Collin\u2019s wish come true during #CMAchristmas when he walked the red carpet with @FLAGAline at the #C\u2026"""
1544500336,"i need to go to macys in lafayette wednesday."""
1544500401,"RT @ABCNetwork: .@Macys Believe helped Collin\u2019s wish come true during #CMAchristmas when he walked the red carpet with @FLAGAline at the #C\u2026"""
1544500454,"@BrianBerg11  OMG!  My beautiful famous friends ... with FGL!  Love you guys and so proud of Collin.  \u2764\ufe0f\u2764\ufe0f\u2764\ufe0f"""
1544500494,RT @Macys: @I_amShonda it's showtime! Let's have a parade - tune in to NBC
1544500545,"RT @Z100NewYork: Feeling the heat on this freezing December day with @HeffronDrive \ud83d\ude18\ud83d\udd25 #Z100JingleBall @Macys https:\/\/t.co\/PAhY5p8CA8"""
1544500552,"@Cmoneymontana I fucked up. I seen that shit at macys not realizing how rare it was and let dukes talk me out of it."""
1544500619,"Macy\u2019s: We No Longer Donate to Planned Parenthood Abortion Business https:\/\/t.co\/Ao5O7253o3"""
1544500628,"RT @ABCNetwork: .@Macys Believe helped Collin\u2019s wish come true during #CMAchristmas when he walked the red carpet with @FLAGAline at the #C\u2026"""
1544500797,"@rawkwell @Macys Not fair.   That individual's sole job was to tell you they were sold out."""
1544500834,"The @Macys Friends + Family #SALE ends Tonight!! SAVE 30% off all your favorite Brands and Designers that rarely go\u2026 https:\/\/t.co\/qOLPCoi3kB"""
1544500834,"@cohenns @Macys She didn\u2019t even work there!"""
1544500982,"RT @ABCNetwork: .@Macys Believe helped Collin\u2019s wish come true during #CMAchristmas when he walked the red carpet with @FLAGAline at the #C\u2026"""
1544501033,RT @HeffronDrive: \u201cIn Dreams\u201d\n\nJust want to say thanks again to z100newyork
1544501085,"@Macys I spent a lot of time putting together my order and after placing it i did not receive an email with my co c\u2026 https:\/\/t.co\/0ERJA6RcpP"""
1544501090,"Dudes ... @Macys ... holidays ... #allthefeels https:\/\/t.co\/xd4F3zFbWq"""
1544501157,"Special thanks to Beaubien parent and firefighter Bob Arens and Tower Ladder 23 for giving our students a thrill an\u2026 https:\/\/t.co\/wr2IT83PII"""
1544501159,"Who needs holiday munchies?!\n6.99 to 13.99 @ macys with code FRIEND! \nREG 16.00 to 34.00! Free ship at 25.00! \nHarr\u2026 https:\/\/t.co\/FSskfjqlmF"""
1544501213,"@rawkwell @Macys ...and what's your point ;-) ?"""
1544501222,"idk but im marrying this kid from macys \ud83e\udd37\ud83c\udffb\u200d\u2640\ufe0f\ud83d\ude02"""
1544501228,"RT @ABCNetwork: .@Macys Believe helped Collin\u2019s wish come true during #CMAchristmas when he walked the red carpet with @FLAGAline at the #C\u2026"""
1544501287,"60-80% Off Sweaters. Shop now at https:\/\/t.co\/rFZeow8R9S! Valid 12\/9 through 12\/15\nhttps:\/\/t.co\/94i44XEaab https:\/\/t.co\/hPKeMwVUMu"""
1544501354,"RT @ABCNetwork: .@Macys Believe helped Collin\u2019s wish come true during #CMAchristmas when he walked the red carpet with @FLAGAline at the #C\u2026"""
1544501356,@Macys Ordered luggage for a trip with Express shipping. Chart online says ship on Tuesday
1544501511,"Former Macy\u2019s CEO: This Country is Way Over-Stored Because of the Shift to\u00a0Online https:\/\/t.co\/QDIT2u1Srm"""
1544501559,"@GolrokhS Macys \ud83d\ude0b\ud83d\ude02"""
1544501587,Macys Ordered luggage for a trip with Express shipping. Chart online says ship Tuesday
1544501668,"RT @ABCNetwork: .@Macys Believe helped Collin\u2019s wish come true during #CMAchristmas when he walked the red carpet with @FLAGAline at the #C\u2026"""
1544501705,"me at macys when i see spanish mom losing there children and them running into racks \ud83d\ude02\ud83d\udc80"""
1544502204,"RT @ABCNetwork: .@Macys Believe helped Collin\u2019s wish come true during #CMAchristmas when he walked the red carpet with @FLAGAline at the #C\u2026"""
1544502457,"RT @ABCNetwork: .@Macys Believe helped Collin\u2019s wish come true during #CMAchristmas when he walked the red carpet with @FLAGAline at the #C\u2026"""
1544502458,"Sales price is $416 and regular price is $195?!"""
1544502699,"RT @lizzyS: believing is seeing at  Macys' Herald Square SantaLand @Macys \n#Christmas https:\/\/t.co\/6oO4sHYxyw https:\/\/t.co\/NwCelpmpeR"""
1544502778,"Macys Thank you!! Love the theme &amp; design!! \ud83d\ude0a"""
1544502906,"#DavidDTSS  \nListen My son has had 3 active shooter drills at school since August. He's in kindergarten. https:\/\/t.co\/fw1nmCYDbH \u2026"""
1544503107,Macys How long should I wait for a reply? I've sent several messages
1544503268,"@macys thanks for telling kids that their gifts are shit. #pisspoorwaytoselldiamonds #macyscommercial"""
1544503527,"Macys Did not get same day pickup as promised and now found out something was cancelled.  Still on hold trying to\u2026 https:\/\/t.co\/2mfDYO0kMF"""
1544503530,"RT @ABCNetwork: .@Macys Believe helped Collin\u2019s wish come true during #CMAchristmas when he walked the red carpet with @FLAGAline at the #C\u2026"""
1544503554,"I JUST FIGURED OUT THAT MACYS SELLS APPLE WATCHES ONLINE AND I CAN USE MY EMPLOYEE DISCOUNT UMMM YESSS PLEASE I GOTTA TREAT MY SELF SIS"""
1544503560,"So mad I\u2019m working during the CMA Christmas show \ud83d\ude22\ud83d\ude21"""
1544503568,"RT @ABCNetwork: .@Macys Believe helped Collin\u2019s wish come true during #CMAchristmas when he walked the red carpet with @FLAGAline at the #C\u2026"""
1544503656,"HeffronDrive @iHeartRadio @Macys Hi @HeffronDrive @iHeartRadio and @Macys  I'm so so so so  excited about the show."""
1544503721,It\u2019s not just that store. The one in the atowson Mall looks just the same
1544503727,"RT @Be4utifu1Mind: @ForAmerica @nbc @Macys I\u2019m sorry but no. By that logic straight couples push their agenda on kids as well. This is actu\u2026"""
1544503736,"RT @aGirlyMMA: \""...JUST BECAUSE YOUR TRASHY PARENTS HATE YOU...\""\n\n...doesn't mean you're wrong. Or that you're evil. Or that you're going t\u2026"""
1544503749,"Est\u00e9e Lauder 3-Pc. Repair + Renew Nighttime Skincare Set $29.75 w\/Free Gift @ Macy's (Until 12\/10)\u2026 https:\/\/t.co\/sJRFc6GVg2"""
1544503845,"Macy's Present the Glamorama Fashion Rocks Event in Los Angeles - Please RT https:\/\/t.co\/4U6dn7vzGZ"""
1544503962,"@colonialdude The enabling is the worst so I take  delight in this being what was once thought as the best job ever\u2026 https:\/\/t.co\/5teaEv4dcD"""
1544503985,RT @HeffronDrive: \u201cIn Dreams\u201d\n\nJust want to say thanks again to z100newyork
1544503990,Write your letter to Santa! For every one we get
1544504162,"Some customer today called me and my coworker \u201cpieces of shit\u201d because I told her she couldn\u2019t skip like and had to\u2026 https:\/\/t.co\/DybYzkyEFb"""
1544504275,"RT @ABCNetwork: .@Macys Believe helped Collin\u2019s wish come true during #CMAchristmas when he walked the red carpet with @FLAGAline at the #C\u2026"""
1544504339,"Up to $25 Off Macy\u2019s Purchase Coupon https:\/\/t.co\/Azo2MNUM9y via @mydallasmommy"""
1544504384,"RT @ABCNetwork: .@Macys Believe helped Collin\u2019s wish come true during #CMAchristmas when he walked the red carpet with @FLAGAline at the #C\u2026"""
1544504561,"RT @Macys: Thank you to @MakeAWish &amp; everyone who made this past National #MacysBelieve Day a huge success! Help us grant even more wishes\u2026"""
1544504589,"YOU AINT SEE MY MOTHER AT MACYS!"""
1544504733,"@Macys Your Macy\u2019s Coupon Instant Win Game was problematic. Filled out the AMOE form and after clicking enter the p\u2026 https:\/\/t.co\/DIN6FAeNMM"""
1544505204,"RT @DavidDTSS: My son has had 3 active shooter drills at school since August.\n\nHe's in kindergarten. https:\/\/t.co\/AD5ApPmipn"""
1544505258,"RT @ABCNetwork: .@Macys Believe helped Collin\u2019s wish come true during #CMAchristmas when he walked the red carpet with @FLAGAline at the #C\u2026"""
1544505270,RT @HeffronDrive: \u201cIn Dreams\u201d\n\nJust want to say thanks again to z100newyork
1544505404,"RT @ABCNetwork: .@Macys Believe helped Collin\u2019s wish come true during #CMAchristmas when he walked the red carpet with @FLAGAline at the #C\u2026"""
1544505484,"@ABCNetwork @Macys @FLAGALine What about my dream? My dream of Rian Johnson never being allowed to make another movie. What about that?"""
1544505785,"RT @ABCNetwork: .@Macys Believe helped Collin\u2019s wish come true during #CMAchristmas when he walked the red carpet with @FLAGAline at the #C\u2026"""
1544505904,"RT @ABCNetwork: .@Macys Believe helped Collin\u2019s wish come true during #CMAchristmas when he walked the red carpet with @FLAGAline at the #C\u2026"""
1544506131,"@Macys \n\nCan this ring be sized up? https:\/\/t.co\/GrnHNUTOQP"""
1544506165,I\u2019m not crying
1544506207,"So good I had to share! Check out all the items I'm loving on @Poshmarkapp #poshmark #fashion #style #shopmycloset\u2026 https:\/\/t.co\/WSBosfnS84"""
1544506915,"CedricMcCay I don't know. I bought it at a store. They sell it at Macy's in US.\nhttps:\/\/t.co\/WRccF2ClpO"""
1544507172,"Bitch you aint seen my mama at Macys\n\nhttps:\/\/t.co\/4w8sqPQaMP"""
1544507282,"RT @ABCNetwork: .@Macys Believe helped Collin\u2019s wish come true during #CMAchristmas when he walked the red carpet with @FLAGAline at the #C\u2026"""
1544507333,"RT @sadkxit: Millions of small children just watched two people kiss and thought it was a totally innocent and sweet thing until their pare\u2026"""
1544507424,"RT @PrinceRoyce: #TBT @Macys 2015 Thanksgiving Day Parade - Grateful for the love you all give me each year! Wishing you &amp; your fam a bless\u2026"""
1544507861,"Macys Printable Coupons\u00a0Blogspot https:\/\/t.co\/V5CknwY9gS https:\/\/t.co\/dcm5LU8Ynp"""
1544508006,"RT @DavidDTSS: My son has had 3 active shooter drills at school since August.\n\nHe's in kindergarten. https:\/\/t.co\/AD5ApPmipn"""
1544508496,RT @HeffronDrive: \u201cIn Dreams\u201d\n\nJust want to say thanks again to z100newyork
1544508681,"RT @ABCNetwork: .@Macys Believe helped Collin\u2019s wish come true during #CMAchristmas when he walked the red carpet with @FLAGAline at the #C\u2026"""
1544508745,"RT @ABCNetwork: .@Macys Believe helped Collin\u2019s wish come true during #CMAchristmas when he walked the red carpet with @FLAGAline at the #C\u2026"""
1544509208,"RT @ABCNetwork: .@Macys Believe helped Collin\u2019s wish come true during #CMAchristmas when he walked the red carpet with @FLAGAline at the #C\u2026"""
1544509300,"RT @ABCNetwork: .@Macys Believe helped Collin\u2019s wish come true during #CMAchristmas when he walked the red carpet with @FLAGAline at the #C\u2026"""
1544509604,"RT @VirtualFrankie: @Adele47018578 @LavaletteAstrid @marceecorn @SymonaColina @loveGoldenHeart @gigirules7 @malekalby @leannerva @josybreda\u2026"""
1544509673,"@VirtualFrankie @LavaletteAstrid @marceecorn @SymonaColina @loveGoldenHeart @gigirules7 @malekalby @leannerva\u2026 https:\/\/t.co\/AQX7rX52p2"""
1544510058,RT @HeffronDrive: \u201cIn Dreams\u201d\n\nJust want to say thanks again to z100newyork
1544510163,"RT @ABCNetwork: .@Macys Believe helped Collin\u2019s wish come true during #CMAchristmas when he walked the red carpet with @FLAGAline at the #C\u2026"""
1544510353,RT @HeffronDrive: \u201cThe LA Holiday Spirit\u201d\n\nMore photos - Swipe Left\n\nWe had one hell of a time at #jingleball at @theforum \n\nOnce again
1544510499,"RT @ABCNetwork: .@Macys Believe helped Collin\u2019s wish come true during #CMAchristmas when he walked the red carpet with @FLAGAline at the #C\u2026"""
1544510547,"RT @ABCNetwork: .@Macys Believe helped Collin\u2019s wish come true during #CMAchristmas when he walked the red carpet with @FLAGAline at the #C\u2026"""
1544510550,"RT @ABCNetwork: .@Macys Believe helped Collin\u2019s wish come true during #CMAchristmas when he walked the red carpet with @FLAGAline at the #C\u2026"""
1544510999,"Are you looking for a place where you can keep your business stuff? \ud83d\udc49 Visit: https:\/\/t.co\/RAme4mrpEP\n\n#business\u2026 https:\/\/t.co\/mh9rb1Guiu"""
1544511289,#Martha #Stewart Collection Quick Dry Reversible Bath #Towel\nExpires: Dec 23
1544511720,@ABCNetwork @Macys @FLAGALine @FLAGALine are a bunch of soy
1544511790,@Macys Differential diagnoses of symptoms using machine learning\n\nDiagnosio democratizes healthcare for everyone
1544511851,RT @HeffronDrive: \u201cIn Dreams\u201d\n\nJust want to say thanks again to z100newyork
1544511883,"Tis the season! @macys \n\n#manhattan #heraldsquare #midtown #miracleon34thstreet #christmastimeinthecity\u2026 https:\/\/t.co\/wuY7fClyPZ"""
1544511896,"RT @ABCNetwork: .@Macys Believe helped Collin\u2019s wish come true during #CMAchristmas when he walked the red carpet with @FLAGAline at the #C\u2026"""
1544512148,RT @HeffronDrive: \u201cIn Dreams\u201d\n\nJust want to say thanks again to z100newyork
1544512176,"RT @SHAQ: We\u2019re helping #sharethewarmth today in Atlanta by giving brand new coats to people in need. A huge thank you to @Macys and @Soles\u2026"""
1544512176,RT @HeffronDrive: Join us at the @z100newyork Jingle Ball Pre Event this Friday Dec. 7th\nBesides all the amazing music
1544512178,"RT @HeffronDrive: \u201cJingle Ball NYC\u201d\nCome to the Z100 Jingle Ball Pre Event FRIDAY DEC. 7th!\nWe will be performing!! And possibly taking mor\u2026"""
1544512185,RT @HeffronDrive: \u201cThe LA Holiday Spirit\u201d\n\nMore photos - Swipe Left\n\nWe had one hell of a time at #jingleball at @theforum \n\nOnce again
1544512188,RT @HeffronDrive: \u201cThe LA Holiday Spirit\u201d\n\nMore photos - Swipe Left\n\nWe had one hell of a time at #jingleball at @theforum \n\nOnce again
1544512201,"@Adele47018578 @LavaletteAstrid @marceecorn @SymonaColina @loveGoldenHeart @gigirules7 @malekalby @leannerva\u2026 https:\/\/t.co\/gMZMP0BmJF"""
1544512203,"RT @HeffronDrive: Come to the @1027KIISFM Jingle Ball Pre Event tomorrow Nov. 30th!\nThroughout the day we will stop by the @macys space and\u2026"""
1544512211,RT @HeffronDrive: \u201cJingle Ball LA\u201d\n\nIf you\u2019re in #LA this week
1544224929,"RT @Theresacaputo: Absolutely amazing! TODAY is National #MacysBelieve\u2060 SANTA is waiting for ur letter \u2060go 2 https:\/\/t.co\/du86BcBMiJ write\u2026"""
1544224945,"We're so excited for Victoria! You can still help make wishes like hers come true by writing a letter to Santa at\u2026 https:\/\/t.co\/8BNZTh7kSd"""
1544224947,"But I got a great deal on luggage! #macys #deals #RetailEmployeesGottaPutUpWithTooMuchShit"""
1544224967,@Macys Thanks
1544224972,RT @makeawishsfla: Shout out to @WinstonParkK8! \u2665\ufe0f They not only collected 600+ letters for the #MacysBelieve campaign
1544224990,"RT @Macys: Santa has packed his sleigh and is on his way back home! We just want to send out a huge thank you to all participating in Natio\u2026"""
1544225052,RT @Macys: It\u2019s National #MacysBelieve Day! Today only\u2013we\u2019re giving $2 to @makeawish for every letter you write to Santa
1544225074,"RT @Macys: Santa has packed his sleigh and is on his way back home! We just want to send out a huge thank you to all participating in Natio\u2026"""
1544225085,"Our Centurion Connection groups and ELA classes wrote letters today to honor two students who passed away but were\u2026 https:\/\/t.co\/aJ88ufxKQO"""
1544225106,"RT @lucyhale: I\u2019m writing my letter to Santa &amp; hope you will too! Today is #NationalBelieveDay &amp; @Macys will double their donation to $2 pe\u2026"""
1544225154,"Everybody do this"""
1544225156,"@makeawishsfla @MakeAWish @WinstonParkK8 @Macys If u ever need a magician yell"""
1544225165,"A great event to help a great cause! Teaching our students what the holidays are truly about! Thank you\u2026 https:\/\/t.co\/RPpfJ7VsA0"""
1544225182,"RT @MakeAWish: We're so excited for Victoria! You can still help make wishes like hers come true by writing a letter to Santa at @Macys or\u2026"""
1544225233,RT @summerlinlv: We believe! And so does eight-year-old Oddessa
1544225245,"@prfctcamiIa @Macys @Camila_Cabello @ShawnMendes @SabrinaAnnLynn LOVE I AM JUST SEEING THIS NOW I AM SO HAPPY FOR Y\u2026 https:\/\/t.co\/eZUFA9TF33"""
1544225260,"@summerlinlv @MakeAWishSNV @Macys @DTSummerlin Just Awesome!!"""
1544225287,"RT @lucyhale: I\u2019m writing my letter to Santa &amp; hope you will too! Today is #NationalBelieveDay &amp; @Macys will double their donation to $2 pe\u2026"""
1544225358,RT @Macys: Great question
1544225411,RT @WishIllinois: Hi Santa! My name is Caitlyn and my wish to go to Hawaii is coming true soon
1544225437,"I\u2019ll be co-hosting another holiday movie night tomorrow on @iontv with @kellynash. We have great gift ideas for the\u2026 https:\/\/t.co\/qrDP4EDxxp"""
1544225469,"RT @Macys: Today's National #MacysBelieve Day &amp; we're celebrating wishes all across the USA w\/ our friends at @MakeAWish. Help us grant mor\u2026"""
1544225499,"RT @Macys: Meet wish kid Caitlyn\u2014we're helping her get ready for her wish to go to Hawaii! Keep writing your letters to Santa because today\u2026"""
1544225502,"RT @Macys: We couldn't help inspiring kids like Nikolas without you\u2014his wish is to go to the set of @WheelofFortune! Write a \ud83d\udc8c to \ud83c\udf85 today &amp;\u2026"""
1544225523,"Believe \n\n#crosstownbus #m34 #believe #newyorkcity #christmasinnewyork #onthebus #manhattanstreets #macys #nyc\u2026 https:\/\/t.co\/0EYwbyn8OJ"""
1544225530,12 Days of Christmas Sweepstakes Gifts from several retailers...Wayfair
1544225558,"@peakyfionn @Macys @Camila_Cabello @ShawnMendes @SabrinaAnnLynn THANK U SO MUCH TAYLOR I LOVE U"""
1544225577,"RT @Macys: Santa has packed his sleigh and is on his way back home! We just want to send out a huge thank you to all participating in Natio\u2026"""
1544225650,"JaredRizzi Sounds like a new fragrance. Will it be available @Macys?"""
1544225729,"10 reasons to visit New York in winter.\n\n#Travel #NewYork #Winter #Hotels #Macys #NHL #ConeyIsland\u2026 https:\/\/t.co\/dTrTtuAi8f"""
1544225836,RT @MakeAWish: We can hardly BELIEVE it! Thank you so much for supporting Make-A-Wish through #MacysBelieve
1544225879,"RT @MakeAWish: It's the most wonderful time of year because it's National Believe Day! @Macys doubles its donation to Make-A-Wish for each\u2026"""
1544225882,"T @lucyhale: I\u2019m writing my letter to Santa &amp; hope you will too! Today is #NationalBelieveDay &amp; @Macys will double their donation to $2 pe\u2026"""
1544225885,"RT @makeawishmaine: Can you BELIEVE it? It\u2019s @Macys Believe Day and wish kid Victoria found out her wish to swim with dolphins and meet a p\u2026"""
1544225910,RT @summerlinlv: We believe! And so does eight-year-old Oddessa
1544225925,RT @makeawishsfla: Shout out to @WinstonParkK8! \u2665\ufe0f They not only collected 600+ letters for the #MacysBelieve campaign
1544225967,"RT @DowntownCincy: Saturday\u2019s to do list: \n-Winter Market on the Square\n-Santacon\n-Free rides on the @CB_Connector \n-Visit Santa in Carew T\u2026"""
1544226041,"RT @DowntownCincy: Saturday\u2019s to do list: \n-Winter Market on the Square\n-Santacon\n-Free rides on the @CB_Connector \n-Visit Santa in Carew T\u2026"""
1544226053,"ME: my package says it was delivered but it was not\nCUSTOMER SERVICE: ok no problem we'll reship it ASAP\nLETTER IN\u2026 https:\/\/t.co\/JZtb8Zgywb"""
1544226101,"RT @Theresacaputo: IMPORTANT! Start writing those letters to SANTA It\u2019s National #MacysBelieve\u2060 \u2060 Day today by visiting https:\/\/t.co\/du86Bc\u2026"""
1544226143,"@Macys Please help me"""
1544226182,"I can think of a better gift...by far. \ud83d\ude0f\n\n#MuellerChristmas \u2696\ufe0f\ud83c\udf84\n#Individual1 \ud83c\udf4a\ud83e\udd21\n#FridayFeeling \ud83d\ude0e\ud83c\udf89"""
1544226304,Hi Santa! This is wish kid Ivan and my wish to go to Hawaii was revealed today
1544226445,"RT @Macys: Meet wish kid Caitlyn\u2014we're helping her get ready for her wish to go to Hawaii! Keep writing your letters to Santa because today\u2026"""
1544226446,"RT @Theresacaputo: IMPORTANT! Start writing those letters to SANTA It\u2019s National #MacysBelieve\u2060 \u2060 Day today by visiting https:\/\/t.co\/du86Bc\u2026"""
1544226479,https:\/\/t.co\/2Xf5tUCyDT\nFor every letter you send to Santa through Macy\u2019s (paper or digital) this holiday season
1544226636,"Can we add The Original @FindlayMarket Food tour at 3 pm? 3 spaces left! \ud83d\ude0a"""
1544226666,"RT @lucyhale: I\u2019m writing my letter to Santa &amp; hope you will too! Today is #NationalBelieveDay &amp; @Macys will double their donation to $2 pe\u2026"""
1544226778,"@Macys sooo disappointed we won\u2019t be able to see the Santaland. I had our reservation time selected and the website\u2026 https:\/\/t.co\/csLy12v9eb"""
1544226823,@MakeAWish: We can hardly BELIEVE it! Thank you so much for supporting Make-A-Wish through #MacysBelieve
1544226848,RT @bykaleahall: Florida development company buys JCPenney
1544226870,"RT @Macys: Meet wish kid Caitlyn\u2014we're helping her get ready for her wish to go to Hawaii! Keep writing your letters to Santa because today\u2026"""
1544226899,"JeffHReynolds @nprpolitics @Ocasio2018 Yeah well she has a budget. Just like a manager at macys. Who doesn't use their own money."""
1544226955,RT @WishIllinois: Hi Santa! My name is Caitlyn and my wish to go to Hawaii is coming true soon
1544227021,"#BelieveDay was a success!! The @Macys staff helped us get into the holiday spirit and we had several Wish Kid appe\u2026 https:\/\/t.co\/67mbdUPnlP"""
1544227188,RT @gameplayer1953: @brianklaas GM laying off 15
1544227219,It's National Believe Day! Write a letter to Santa &amp; @Macys will DOUBLE its donation to @MakeAWish
1544227224,"Boom! Grear news! https:\/\/t.co\/5mQKD2J2lo"""
1544227228,I'm at @Macys in Farmington
1544227234,"This holiday season please shop at @Macys because they honor the Spirit of Christmas which is one of the innocence\u2026 https:\/\/t.co\/QeKYpJ60oZ"""
1544227327,"RT @lucyhale: I\u2019m writing my letter to Santa &amp; hope you will too! Today is #NationalBelieveDay &amp; @Macys will double their donation to $2 pe\u2026"""
1544227353,"RT @MakeAWish: We're so excited for Victoria! You can still help make wishes like hers come true by writing a letter to Santa at @Macys or\u2026"""
1544227417,"@xpetitlapinxx_ @Macys Wtf happened"""
1544227433,"RT @AvrilFoundation: We're writing our letters to Santa &amp; hope you will too! Today is #NationalBelieveDay &amp; @Macys will double their donati\u2026"""
1544227475,"@parscale Hey Dude!  You watching the news Bro?  I hear they\u2019re still hiring at @Macys"""
1544227485,The students at Buchanan High School @buchanan_activities in Clovis
1544227540,"RT @MakeAWish: It's the most wonderful time of year because it's National Believe Day! @Macys doubles its donation to Make-A-Wish for each\u2026"""
1544227550,"RT @Theresacaputo: IMPORTANT! Start writing those letters to SANTA It\u2019s National #MacysBelieve\u2060 \u2060 Day today by visiting https:\/\/t.co\/du86Bc\u2026"""
1544227551,RT @bykaleahall: Florida development company buys JCPenney
1544227618,"RT @Theresacaputo: Absolutely amazing! TODAY is National #MacysBelieve\u2060 SANTA is waiting for ur letter \u2060go 2 https:\/\/t.co\/du86BcBMiJ write\u2026"""
1544227655,"I thought online order\/in store pick up would be a breeze @Macys but I see that @Nordstrom has spoiled us all and n\u2026 https:\/\/t.co\/Wto1cfwGe5"""
1544227733,RT @WheelofFortune: We\u2019re excited to make that wish come true! See you at the Wheel in January
1544227842,"Thank you to all the people that came out and wrote letters to Santa! We collected 317 letters totaling $634 donate\u2026 https:\/\/t.co\/LBO3K9228m"""
1544227854,"RT @anthony_lamas: My new little buddy Jordan! Thank you @Macys @CulinaryCouncil @MakeAWish @makeawishsfla for having me be part and all yo\u2026"""
1544227856,"Macys at Macy\u2019s east Brunswick NJ and this is why retail is dying. No free shipping makes me come to the store to\u2026 https:\/\/t.co\/Pn0ekEgUC1"""
1544224929,"RT @Theresacaputo: Absolutely amazing! TODAY is National #MacysBelieve\u2060 SANTA is waiting for ur letter \u2060go 2 https:\/\/t.co\/du86BcBMiJ write\u2026"""
1544224945,"We're so excited for Victoria! You can still help make wishes like hers come true by writing a letter to Santa at\u2026 https:\/\/t.co\/8BNZTh7kSd"""
1544224947,"But I got a great deal on luggage! #macys #deals #RetailEmployeesGottaPutUpWithTooMuchShit"""
1544224967,@Macys Thanks
1544224972,RT @makeawishsfla: Shout out to @WinstonParkK8! \u2665\ufe0f They not only collected 600+ letters for the #MacysBelieve campaign
1544224990,"RT @Macys: Santa has packed his sleigh and is on his way back home! We just want to send out a huge thank you to all participating in Natio\u2026"""
1544225052,RT @Macys: It\u2019s National #MacysBelieve Day! Today only\u2013we\u2019re giving $2 to @makeawish for every letter you write to Santa
1544225074,"RT @Macys: Santa has packed his sleigh and is on his way back home! We just want to send out a huge thank you to all participating in Natio\u2026"""
1544225085,"Our Centurion Connection groups and ELA classes wrote letters today to honor two students who passed away but were\u2026 https:\/\/t.co\/aJ88ufxKQO"""
1544225106,"RT @lucyhale: I\u2019m writing my letter to Santa &amp; hope you will too! Today is #NationalBelieveDay &amp; @Macys will double their donation to $2 pe\u2026"""
1544225154,"Everybody do this"""
1544225156,"@makeawishsfla @MakeAWish @WinstonParkK8 @Macys If u ever need a magician yell"""
1544225165,"A great event to help a great cause! Teaching our students what the holidays are truly about! Thank you\u2026 https:\/\/t.co\/RPpfJ7VsA0"""
1544225182,"RT @MakeAWish: We're so excited for Victoria! You can still help make wishes like hers come true by writing a letter to Santa at @Macys or\u2026"""
1544225233,RT @summerlinlv: We believe! And so does eight-year-old Oddessa
1544225245,"@prfctcamiIa @Macys @Camila_Cabello @ShawnMendes @SabrinaAnnLynn LOVE I AM JUST SEEING THIS NOW I AM SO HAPPY FOR Y\u2026 https:\/\/t.co\/eZUFA9TF33"""
1544225260,"@summerlinlv @MakeAWishSNV @Macys @DTSummerlin Just Awesome!!"""
1544225287,"RT @lucyhale: I\u2019m writing my letter to Santa &amp; hope you will too! Today is #NationalBelieveDay &amp; @Macys will double their donation to $2 pe\u2026"""
1544225358,RT @Macys: Great question
1544225411,RT @WishIllinois: Hi Santa! My name is Caitlyn and my wish to go to Hawaii is coming true soon
1544225437,"I\u2019ll be co-hosting another holiday movie night tomorrow on @iontv with @kellynash. We have great gift ideas for the\u2026 https:\/\/t.co\/qrDP4EDxxp"""
1544225469,"RT @Macys: Today's National #MacysBelieve Day &amp; we're celebrating wishes all across the USA w\/ our friends at @MakeAWish. Help us grant mor\u2026"""
1544225499,"RT @Macys: Meet wish kid Caitlyn\u2014we're helping her get ready for her wish to go to Hawaii! Keep writing your letters to Santa because today\u2026"""
1544225502,"RT @Macys: We couldn't help inspiring kids like Nikolas without you\u2014his wish is to go to the set of @WheelofFortune! Write a \ud83d\udc8c to \ud83c\udf85 today &amp;\u2026"""
1544225523,"Believe \n\n#crosstownbus #m34 #believe #newyorkcity #christmasinnewyork #onthebus #manhattanstreets #macys #nyc\u2026 https:\/\/t.co\/0EYwbyn8OJ"""
1544225530,12 Days of Christmas Sweepstakes Gifts from several retailers...Wayfair
1544225558,"@peakyfionn @Macys @Camila_Cabello @ShawnMendes @SabrinaAnnLynn THANK U SO MUCH TAYLOR I LOVE U"""
1544225577,"RT @Macys: Santa has packed his sleigh and is on his way back home! We just want to send out a huge thank you to all participating in Natio\u2026"""
1544225650,"JaredRizzi Sounds like a new fragrance. Will it be available @Macys?"""
1544225729,"10 reasons to visit New York in winter.\n\n#Travel #NewYork #Winter #Hotels #Macys #NHL #ConeyIsland\u2026 https:\/\/t.co\/dTrTtuAi8f"""
1544225836,RT @MakeAWish: We can hardly BELIEVE it! Thank you so much for supporting Make-A-Wish through #MacysBelieve
1544225879,"RT @MakeAWish: It's the most wonderful time of year because it's National Believe Day! @Macys doubles its donation to Make-A-Wish for each\u2026"""
1544225882,"RT @lucyhale: I\u2019m writing my letter to Santa &amp; hope you will too! Today is #NationalBelieveDay &amp; @Macys will double their donation to $2 pe\u2026"""
1544225885,"RT @makeawishmaine: Can you BELIEVE it? It\u2019s @Macys Believe Day and wish kid Victoria found out her wish to swim with dolphins and meet a p\u2026"""
1544225910,RT @summerlinlv: We believe! And so does eight-year-old Oddessa
1544225925,RT @makeawishsfla: Shout out to @WinstonParkK8! \u2665\ufe0f They not only collected 600+ letters for the #MacysBelieve campaign
1544225967,"RT @DowntownCincy: Saturday\u2019s to do list: \n-Winter Market on the Square\n-Santacon\n-Free rides on the @CB_Connector \n-Visit Santa in Carew T\u2026"""
1544226041,"RT @DowntownCincy: Saturday\u2019s to do list: \n-Winter Market on the Square\n-Santacon\n-Free rides on the @CB_Connector \n-Visit Santa in Carew T\u2026"""
1544226053,"ME: my package says it was delivered but it was not\nCUSTOMER SERVICE: ok no problem we'll reship it ASAP\nLETTER IN\u2026 https:\/\/t.co\/JZtb8Zgywb"""
1544226101,"RT @Theresacaputo: IMPORTANT! Start writing those letters to SANTA It\u2019s National #MacysBelieve\u2060 \u2060 Day today by visiting https:\/\/t.co\/du86Bc\u2026"""
1544226143,"@Macys Please help me"""
1544226182,"I can think of a better gift...by far. \ud83d\ude0f\n\n#MuellerChristmas \u2696\ufe0f\ud83c\udf84\n#Individual1 \ud83c\udf4a\ud83e\udd21\n#FridayFeeling \ud83d\ude0e\ud83c\udf89"""
1544226304,Hi Santa! This is wish kid Ivan and my wish to go to Hawaii was revealed today
1544226445,"RT @Macys: Meet wish kid Caitlyn\u2014we're helping her get ready for her wish to go to Hawaii! Keep writing your letters to Santa because today\u2026"""
1544226446,"RT @Theresacaputo: IMPORTANT! Start writing those letters to SANTA It\u2019s National #MacysBelieve\u2060 \u2060 Day today by visiting https:\/\/t.co\/du86Bc\u2026"""
1544226479,https:\/\/t.co\/2Xf5tUCyDT\nFor every letter you send to Santa through Macy\u2019s (paper or digital) this holiday season
1544226636,"Can we add The Original @FindlayMarket Food tour at 3 pm? 3 spaces left! \ud83d\ude0a"""
1544226666,"RT @lucyhale: I\u2019m writing my letter to Santa &amp; hope you will too! Today is #NationalBelieveDay &amp; @Macys will double their donation to $2 pe\u2026"""
1544226778,"@Macys sooo disappointed we won\u2019t be able to see the Santaland. I had our reservation time selected and the website\u2026 https:\/\/t.co\/csLy12v9eb"""
1544226823,RT@MakeAWish: We can hardly BELIEVE it! Thank you so much for supporting Make-A-Wish through #MacysBelieve
1544226848,RT @bykaleahall: Florida development company buys JCPenney
1544226870,"RT @Macys: Meet wish kid Caitlyn\u2014we're helping her get ready for her wish to go to Hawaii! Keep writing your letters to Santa because today\u2026"""
1544226899,"JeffHReynolds @nprpolitics @Ocasio2018 Yeah well she has a budget. Just like a manager at macys. Who doesn't use their own money."""
1544226955,RT @WishIllinois: Hi Santa! My name is Caitlyn and my wish to go to Hawaii is coming true soon
1544227021,"#BelieveDay was a success!! The @Macys staff helped us get into the holiday spirit and we had several Wish Kid appe\u2026 https:\/\/t.co\/67mbdUPnlP"""
1544227188,RT @gameplayer1953: @brianklaas GM laying off 15
1544227219,It's National Believe Day! Write a letter to Santa &amp; @Macys will DOUBLE its donation to @MakeAWish
1544227224,"Boom! Grear news! https:\/\/t.co\/5mQKD2J2lo"""
1544227228,I'm at @Macys in Farmington
1544227234,"This holiday season please shop at @Macys because they honor the Spirit of Christmas which is one of the innocence\u2026 https:\/\/t.co\/QeKYpJ60oZ"""
1544227327,"RT @lucyhale: I\u2019m writing my letter to Santa &amp; hope you will too! Today is #NationalBelieveDay &amp; @Macys will double their donation to $2 pe\u2026"""
1544227353,"RT @MakeAWish: We're so excited for Victoria! You can still help make wishes like hers come true by writing a letter to Santa at @Macys or\u2026"""
1544227417,"@xpetitlapinxx_ @Macys Wtf happened"""
1544227433,"RT @AvrilFoundation: We're writing our letters to Santa &amp; hope you will too! Today is #NationalBelieveDay &amp; @Macys will double their donati\u2026"""
1544227475,"@parscale Hey Dude!  You watching the news Bro?  I hear they\u2019re still hiring at @Macys"""
1544227485,The students at Buchanan High School @buchanan_activities in Clovis
1544227540,"RT @MakeAWish: It's the most wonderful time of year because it's National Believe Day! @Macys doubles its donation to Make-A-Wish for each\u2026"""
1544227550,"RT @Theresacaputo: IMPORTANT! Start writing those letters to SANTA It\u2019s National #MacysBelieve\u2060 \u2060 Day today by visiting https:\/\/t.co\/du86Bc\u2026"""
1544227551,RT @bykaleahall: Florida development company buys JCPenney
1544227618,"RT @Theresacaputo: Absolutely amazing! TODAY is National #MacysBelieve\u2060 SANTA is waiting for ur letter \u2060go 2 https:\/\/t.co\/du86BcBMiJ write\u2026"""
1544227655,"I thought online order\/in store pick up would be a breeze @Macys but I see that @Nordstrom has spoiled us all and n\u2026 https:\/\/t.co\/Wto1cfwGe5"""
1544227733,RT @WheelofFortune: We\u2019re excited to make that wish come true! See you at the Wheel in January
1544227842,"Thank you to all the people that came out and wrote letters to Santa! We collected 317 letters totaling $634 donate\u2026 https:\/\/t.co\/LBO3K9228m"""
1544227854,"RT @anthony_lamas: My new little buddy Jordan! Thank you @Macys @CulinaryCouncil @MakeAWish @makeawishsfla for having me be part and all yo\u2026"""
1544227856,"Macys at Macy\u2019s east Brunswick NJ and this is why retail is dying. No free shipping makes me come to the store to\u2026 https:\/\/t.co\/Pn0ekEgUC1"""
1544588178,"RT @hkentschool: Harvard Kent students enjoying  shopping for winter coats @Macys in Boston thanks to @marty_walsh and @bostonschooIs. #bos\u2026"""
1544588249,"2017 Universal Macy's Christmas Parade: https:\/\/t.co\/NjBKptzZhn via @YouTube"""
1544588259,Macy\u2019s: White Elements Lexington 42-Pc. Dinnerware Set
1544588300,"IsaScribe Macy's displays were magical :)\ud83d\udc96\ud83d\udcab\ud83c\udf84"""
1544588371,"RT @mystyledoc: Feeling gray today. #sweaterweather #keepwarm #winterstyle #sweater #christiansiriano #marshallsfinds  #denim #jeans #levis\u2026"""
1544588387,":The business owners along 5th Ave have organized a parade on 5th Ave to protest against parades on 5th Ave.They los\u2026 https:\/\/t.co\/ZAhIDOKrDc"""
1544588433,I appreciate and thank you all for the letters &amp; donations you've given our club
1544588461,"OMG #DealAlert\n#Macys #Womens #Shoes #boots #booties Under $20\nhttps:\/\/t.co\/qb2jAWOfuP\n\nHURRY TODAY ONLY!\n\n**TAG A\u2026 https:\/\/t.co\/TUlOePUT4q"""
1544588546,"RT @_trann_: All week the NDHS Make-A-Wish Club will be giving out Santa Letters (during lunch) in support of the Make-A-Wish Foundation! F\u2026"""
1544588550,RT @_trann_: I appreciate and thank you all for the letters &amp; donations you've given our club
1544588608,"Check out First Impressions Giraffe Plush Fuzzy Yellow Tan Stuffed Animal Baby Lovey Macys  https:\/\/t.co\/86nnNekWgV via @eBay"""
1544588626,"\u2019m going to need @LancomeUSA  &amp; @Macys to get it together I ordered my Absolue smoothing face powder in Peche befo\u2026 https:\/\/t.co\/cIX5mVBpPz"""
1544588723, I finally got through
1544588825,"\ud83d\udd25 16 Piece Pfaltzgraff Dinnerware Sets $19.99 + Free Store Pickup at Macy's Or $3 Shipping + Extra Free Beauty Item\u2026 https:\/\/t.co\/xwzbSgXA4K"""
1544588826,"\""RU STaNDUP COMiC material? Move over Chris Rock!\"" https:\/\/t.co\/tcRo92PMZS #jimmyfallon #jimmykimmel #southpark\u2026 https:\/\/t.co\/M9aVYkqc7j"""
1544588854,"I'm talkin hunnids at the Macy's store"""
1544588887,"RT @Felixxx1028: I'm talkin hunnids at the Macy's store"""
1544589093,"_yayayadira @Macys lmaoooo\n\nme: gets locked up tomorrow\ud83d\udc80"""
1544589099,RT @HeffronDrive: \u201cIn Dreams\u201d\n\nJust want to say thanks again to z100newyork
1544589181,"Also. William H. Macy's bit part. Out of nowhere. #LastDragon"""
1544589183,"HeffronDrive @iHeartRadio @Macys You're the best!\ud83d\ude0d\ud83d\udc50\ud83d\ude18 I love you!\ud83d\udc9b\ud83d\udc9c"""
1544589258,"I really don\u2019t like the @Macys necklace commercial. That girl worked hard on her noodle necklace for her mom. Soo t\u2026 https:\/\/t.co\/fPqB4QHjZk"""
1544589268,"Macy\u2019s: We No Longer Donate to Planned Parenthood Abortion Business https:\/\/t.co\/4HV3RvikqG"""
1544589307,"#DavidDTSS  \nListen My son has had 3 active shooter drills at school since August. He's in kindergarten. https:\/\/t.co\/fw1nmCYDbH \u2026"""
1544589379,"@Macys just keeps getting better!! Another cancelled order. Unbelievable https:\/\/t.co\/dblQmv9PIx"""
1544589659,"RT @AncientFaces: #TuesdayThoughts - Remembering going to see #SantaClaus at #Macys in 1942 - 1 year into #WW2 - is what #Christmas is all\u2026"""
1544589773,"RT @ABCNetwork: .@Macys Believe helped Collin\u2019s wish come true during #CMAchristmas when he walked the red carpet with @FLAGAline at the #C\u2026"""
1544589784,"Frohe Weihnachten!  A fairytale of bespoke enchantment inspired by 15th century tradition. Join our award winning t\u2026 https:\/\/t.co\/aFSh4beb3C"""
1544589799,"Macy\u2019s: We No Longer Donate to Planned Parenthood Abortion Business https:\/\/t.co\/cdXGiXTBFJ"""
1544590093,"Macy's Present the Glamorama Fashion Rocks Event in Los Angeles - Please RT https:\/\/t.co\/4U6dn7Nayx"""
1544590137,"livingcapone this song was playing in @Macys today! \ud83d\ude4c\ud83c\udffc\ud83d\ude0a"""
1544590318,"I liked a @YouTube video https:\/\/t.co\/ozZrv66Mpx Macy's Come With Me Christmas Decorations 2018 \/New York City Part 1"""
1544590347,"today i brought mike to macys to show him this coat i wanted to buy him for christmas but couldn't afford &amp; great news everyone he loved it"""
1544590537,"MAC 3-Pc. Shiny Pretty Things Lip Set - Limited Edition ($55.50 Value) $18.37 @ Macy's\nhttps:\/\/t.co\/eP5v9o1AYT https:\/\/t.co\/1rhPGR6WMc"""
1544590925,"RT @Graciusendgame: I mean lets say they both kiss in the season one finale.... there's already like quite a few storylines they can do to\u2026"""
1544590957,"Nikka u ain\u2019t seen mine mom at Macys"""
1544590981,@GayBFFSays Macys has sequined blazers
1544590988,"Up to 60% Off Free People Apparel @ https:\/\/t.co\/Ubw22FzcTf https:\/\/t.co\/PbFQiGC0UU"""
1544591128,"Macys Your stores lack merchandise this year!  Sad."""
1544591280,"Macy's - Citizen Men's Chronograph 2-Tone S\/S 41mm Watch (AN3394-59L) $90.99 https:\/\/t.co\/mjawULjsFR"""
1544591372,"RT @AncientFaces: #TuesdayThoughts - Remembering going to see #SantaClaus at #Macys in 1942 - 1 year into #WW2 - is what #Christmas is all\u2026"""
1544591706,"Former Macy's CEO Terry Lundgren said Monday that we should expect more closures of physical retail stores because\u2026 https:\/\/t.co\/S8JlCWLzeo"""
1544591712,"RT @CNBC: Former Macy's CEO Terry Lundgren said Monday that we should expect more closures of physical retail stores because \""that's what h\u2026"""
1544591757,@LynnePatton @chelseahandler No one says merry Xmas at stores
1544591762,"RT @CNBC: Former Macy's CEO Terry Lundgren said Monday that we should expect more closures of physical retail stores because \""that's what h\u2026"""
1544591828,"RT @ABCNetwork: .@Macys Believe helped Collin\u2019s wish come true during #CMAchristmas when he walked the red carpet with @FLAGAline at the #C\u2026"""
1544591887,"RT @CNBC: Former Macy's CEO Terry Lundgren said Monday that we should expect more closures of physical retail stores because \""that's what h\u2026"""
1544591910,"RT @CNBC: Former Macy's CEO Terry Lundgren said Monday that we should expect more closures of physical retail stores because \""that's what h\u2026"""
1544591917,"RT @CNBC: Former Macy's CEO Terry Lundgren said Monday that we should expect more closures of physical retail stores because \""that's what h\u2026"""
1544591946,"Former Macy's CEO Terry Lundgren said Monday that we should expect more closures of physical retail stores because\u2026 https:\/\/t.co\/B88HUrAw1J"""
1544592126,RT @owenawhaley: Hi
1544592345,"Are you looking for a great solution where you can store your items safe and secured at the same time? \ud83d\udc4d Check out:\u2026 https:\/\/t.co\/Ri17qylR3i"""
1544592607,"RT @CNBC: Former Macy's CEO Terry Lundgren said Monday that we should expect more closures of physical retail stores because \""that's what h\u2026"""
1544592727,"RT @Macys: Thank you to @MakeAWish &amp; everyone who made this past National #MacysBelieve Day a huge success! Help us grant even more wishes\u2026"""
1544592760,"RT @ABCNetwork: .@Macys Believe helped Collin\u2019s wish come true during #CMAchristmas when he walked the red carpet with @FLAGAline at the #C\u2026"""
1544592774,"RT @ImLizzieM: Hilary Duff performing at the 2003 Macy's Thanksgiving Parade https:\/\/t.co\/Wg05LWwIb5"""
1544592797,"Tradition. 32 years in a row...\ud83c\udf84\ud83c\udf84\ud83c\udf84 #theFirstNoelle #tradition #christmas #thegreattree #macys #walnutroom #chicago\u2026 https:\/\/t.co\/Vylsr5lydR"""
1544592798,"My 6 year old self is sobbing.."""
1544592889,"So good I had to share! Check out all the items I'm loving on @Poshmarkapp from @angeloraaa #poshmark #fashion\u2026 https:\/\/t.co\/KS8zwNhf52"""
1544592918,"White people..."""
1544592971,"bosciaskincare @Macys Have you guys discontinued the swirl moisturizer??"""
1544593043,"RT @kitchen5203: @lynda424200 @Doh_Doh_Burrd @therealdrix78 @BernieMamorbor @Bethnonobadkitt @BlueBeeInDaBoot @SallyMa42 @tired_politics @c\u2026"""
1544593231,"RT @ABCNetwork: .@Macys Believe helped Collin\u2019s wish come true during #CMAchristmas when he walked the red carpet with @FLAGAline at the #C\u2026"""
1544593233,"SamsungPayUS I used your cashback offer for Macy's but haven't seen any cashback or pending cashback yet. When will I see any update?"""
1544593258,"I went to a mall today for the first time improbably 2 years."""
1544593699,RT @Macys: We have holiday events happening all around the country &amp; some lucky Macy\u2019s Cardholders got exclusive access to performers
1544593737,"RT @ABCNetwork: .@Macys Believe helped Collin\u2019s wish come true during #CMAchristmas when he walked the red carpet with @FLAGAline at the #C\u2026"""
1544593862,"https:\/\/t.co\/yZUGlrKG6O\nGet cash back for shopping on Ebates! Sign up with my invite link for a $10 bonus when you\u2026 https:\/\/t.co\/CcM9bgDq4P"""
1544593903,"neiltyson @Macys I think its so crazy cuz it has hands... Even at that microscopic level..."""
1544594007,"AutistStacy i think that's one of those \""just on the coasts\"" stores like Macys \ud83d\ude14"""
1544594030,RT @JonErlichman: Holiday quarter revenue in 2018: (estimate)\n\nAmazon:                 $71.9 billion\n\nBest Buy
1544594167,"Hi! Check out what's on my Macy's List.\nhttps:\/\/t.co\/Ft8IqlRFyz"""
1544594257,"I really be waiting on this to play at work...can we make that happen @Macys \ud83d\udc40"""
1544594388,RT @MikeJudge: Throw Back Thanksgiving: Beavis and Butthead at the Macy's Thanksgiving Day Parade
1544655985, I need some help. I have a little guy who is obssesed with his blanket. Yes
